DROP TABLE IF EXISTS employee CASCADE; 
CREATE TABLE employee ( emp_id serial NOT NULL PRIMARY KEY, emp_name character varying(70) NOT NULL, commission numeric(5,2) NOT NULL, role character varying(70) NOT NULL, CONSTRAINT value_is_percentage CHECK (((commission >= (0)::numeric) AND (commission < (100)::numeric) )) );
DROP TABLE IF EXISTS customization_options CASCADE; 
CREATE TABLE customization_options ( custom_id serial NOT NULL PRIMARY KEY, custom_name character varying(70) NOT NULL, cost money NOT NULL CHECK(cost >= (0)::money) );
DROP TABLE IF EXISTS has_customization CASCADE; 
CREATE TABLE has_customization ( custom_id integer NOT NULL REFERENCES customization_options(custom_id) ON DELETE CASCADE, sale_id integer NOT NULL REFERENCES sale(sale_id) ON DELETE CASCADE, PRIMARY KEY(custom_id, sale_id) );
DROP TABLE IF EXISTS car CASCADE; 
CREATE TABLE car ( vin integer NOT NULL PRIMARY KEY, sticker_price money NOT NULL CHECK(sticker_price > (0)::money), make character varying(70) NOT NULL, model character varying(70) NOT NULL, year integer NOT NULL, color character varying(70) NOT NULL, is_new boolean NOT NULL, is_sold boolean NOT NULL, min_price numeric(5,2) NOT NULL CHECK(min_price >= (0)::numeric), mileage integer NOT NULL );
DROP TABLE IF EXISTS features CASCADE; 
CREATE TABLE features ( feat_id serial NOT NULL PRIMARY KEY, feat_name character varying(70) NOT NULL );
DROP TABLE IF EXISTS has_features CASCADE; 
CREATE TABLE has_features ( feat_id integer NOT NULL REFERENCES features(feat_id) ON DELETE CASCADE, vin integer NOT NULL REFERENCES car(vin) ON DELETE CASCADE, PRIMARY KEY(feat_id, vin) );
DROP TABLE IF EXISTS customer CASCADE; 
CREATE TABLE customer ( cus_id serial NOT NULL PRIMARY KEY, name character varying(70) NOT NULL, ref_type character varying(70) NOT NULL, ref_origin character varying(70) NOT NULL );
DROP TABLE IF EXISTS payment CASCADE; 
CREATE TABLE payment ( payment_id serial NOT NULL PRIMARY KEY, amount money NOT NULL CHECK(amount >= (0)::money), trade_id integer UNIQUE REFERENCES trade_in(trade_id) ON DELETE CASCADE, fin_id integer UNIQUE REFERENCES financing(fin_id) ON DELETE CASCADE );
DROP TABLE IF EXISTS financing CASCADE; 
CREATE TABLE financing ( fin_id serial NOT NULL PRIMARY KEY, amount money NOT NULL CHECK(amount >= (0)::money), type character varying(250) NOT NULL, name character varying(70) NOT NULL, addr character varying(100) NOT NULL );
DROP TABLE IF EXISTS trade_in CASCADE; 
CREATE TABLE trade_in ( trade_id serial NOT NULL PRIMARY KEY, vin integer NOT NULL REFERENCES car(vin), mileage integer NOT NULL CHECK(mileage >= 0), condition character varying(250) NOT NULL, value money NOT NULL CHECK(value >= (0)::money) );
DROP TABLE IF EXISTS warranty CASCADE; 
CREATE TABLE warranty ( warranty_id serial NOT NULL PRIMARY KEY, type character varying(70) NOT NULL, cost money NOT NULL CHECK(cost >= (0)::money), duration integer NOT NULL CHECK(duration > 0), miles integer NOT NULL CHECK(miles >= 0) );
DROP TABLE IF EXISTS sale CASCADE; 
CREATE TABLE sale ( sale_id serial NOT NULL PRIMARY KEY, is_approved boolean NOT NULL, price money NOT NULL CHECK (price > (0)::money), date date NOT NULL CHECK (date < CURRENT_DATE), emp_requested boolean NOT NULL, tax_rate numeric(5,2) NOT NULL, license_fee money NOT NULL CHECK(license_fee >= (0)::money), cus_id integer NOT NULL REFERENCES customer(cus_id) ON DELETE CASCADE, vin integer NOT NULL REFERENCES car(vin) ON DELETE CASCADE, emp_id integer NOT NULL REFERENCES employee(emp_id) ON DELETE CASCADE, payment_id integer NOT NULL UNIQUE REFERENCES payment(payment_id) ON DELETE CASCADE, warranty_id integer NOT NULL REFERENCES warranty(warranty_id) ON DELETE CASCADE, CONSTRAINT value_is_percentage CHECK (((tax_rate >= (0)::numeric) AND (tax_rate < (100)::numeric) )) );
create or replace function trade_in_vin_new_or_not() returns trigger as $BODY$ begin if(new.vin = (select vin from car where new.vin = vin)) then update car set is_sold = false, is_new = false, mileage = new.mileage where vin = new.vin; else insert into car(vin, sticker_price, make, model, year, color, is_new, is_sold, min_price, mileage) values (NEW.vin, 5000, 'Toyota', 'Camry', 1997, 'Grey', false, false, 10, new.mileage); end if; return new; end $BODY$ language plpgsql;
create or replace function update_car_on_sale() returns trigger as $BODY$ begin if(new.vin = (select vin from car where new.vin = vin)) then update car set is_sold = true where vin = new.vin; end if; return new; end $BODY$ language plpgsql;
CREATE TRIGGER update_vin_on_trade_in AFTER INSERT ON trade_in FOR EACH ROW EXECUTE PROCEDURE trade_in_vin_new_or_not();
CREATE TRIGGER on_car_sale AFTER INSERT ON sale FOR EACH ROW EXECUTE PROCEDURE update_car_on_sale();
CREATE VIEW all_new_cars_with_ac_and_heated_seats AS  SELECT * FROM car WHERE car.vin in (  SELECT car.vin FROM car, has_features, features  WHERE is_new = TRUE AND is_sold = FALSE AND  has_features.vin = car.vin AND  features.feat_id = has_features.feat_id AND  features.feat_name in ('Heated Seats','AC')  GROUP BY car.vin HAVING count(*) = 2);
INSERT INTO employee (emp_name, commission, role) VALUES ('Jim Friendly', 30, 'Manager');
INSERT INTO employee (emp_name, commission, role) VALUES ('Diane Graham', 10, 'sales');
INSERT INTO employee (emp_name, commission, role) VALUES ('Keven Greene', 10, 'sales');
INSERT INTO employee (emp_name, commission, role) VALUES ('Joshua Fraser', 5, 'sales');
INSERT INTO employee (emp_name, commission, role) VALUES ('Brian Morrison', 0, 'sec');
INSERT INTO employee (emp_name, commission, role) VALUES ('Casey Smith', 10, 'sales');
INSERT INTO employee (emp_name, commission, role) VALUES ('Chase Jones', 10, 'sales');
INSERT INTO employee (emp_name, commission, role) VALUES ('Mike Doe', 20, 'sales');
INSERT INTO employee (emp_name, commission, role) VALUES ('Connor Davis', 15, 'sales');
INSERT INTO employee (emp_name, commission, role) VALUES ('Ariana Buck', 15, 'sales');
INSERT INTO customization_options (custom_name, cost) VALUES ('Sound System', 65);
INSERT INTO customization_options (custom_name, cost) VALUES ('Paint Trim', 232);
INSERT INTO customization_options (custom_name, cost) VALUES ('Alarm System', 264);
INSERT INTO customization_options (custom_name, cost) VALUES ('Weather Coating', 165);
INSERT INTO car (vin, sticker_price, make, model, year, color, is_new, is_sold, min_price, mileage) VALUES (555555, 10000, 'ford', 'fusion', 2010, 'silver', true, false, 70.0, 0);
INSERT INTO car (vin, sticker_price, make, model, year, color, is_new, is_sold, min_price, mileage) VALUES (666666, 15000, 'ford', 'focus', 2012, 'black', true, false, 50.0, 0);
INSERT INTO car (vin, sticker_price, make, model, year, color, is_new, is_sold, min_price, mileage) VALUES (777777, 9000, 'ford', 'mustang', 2003, 'white', true, false, 90.0, 0);
INSERT INTO car (vin, sticker_price, make, model, year, color, is_new, is_sold, min_price, mileage) VALUES (111111, 5000, 'ford', 'bronco', 1977, 'silver', true, false, 70.0, 0);
INSERT INTO car (vin, sticker_price, make, model, year, color, is_new, is_sold, min_price, mileage) VALUES (222222, 20000, 'ford', 'taurus', 2013, 'black', true, false, 50.0, 0);
INSERT INTO car (vin, sticker_price, make, model, year, color, is_new, is_sold, min_price, mileage) VALUES (333333, 18000, 'ford', 'fiesta', 2003, 'white', true, false, 90.0, 0);
INSERT INTO car (vin, sticker_price, make, model, year, color, is_new, is_sold, min_price, mileage) VALUES (444444, 18000, 'ford', 'mustang', 2011, 'silver', true, false, 80.0, 0);
INSERT INTO car (vin, sticker_price, make, model, year, color, is_new, is_sold, min_price, mileage) VALUES (121212, 15000, 'ford', 'focus', 2013, 'black', true, false, 50.0, 0);
INSERT INTO car (vin, sticker_price, make, model, year, color, is_new, is_sold, min_price, mileage) VALUES (232323, 8000, 'ford', 'mustang', 2004, 'white', true, false, 80.0, 0);
INSERT INTO car (vin, sticker_price, make, model, year, color, is_new, is_sold, min_price, mileage) VALUES (343434, 12000, 'ford', 'fusion', 2005, 'silver', true, false, 70.0, 0);
INSERT INTO car (vin, sticker_price, make, model, year, color, is_new, is_sold, min_price, mileage) VALUES (454545, 13000, 'ford', 'focus', 2016, 'black', true, false, 50.0, 0);
INSERT INTO car (vin, sticker_price, make, model, year, color, is_new, is_sold, min_price, mileage) VALUES (565656, 9500, 'ford', 'escape', 2000, 'white', true, false, 70.0, 0);
INSERT INTO car (vin, sticker_price, make, model, year, color, is_new, is_sold, min_price, mileage) VALUES (676767, 12000, 'ford', 'explorer', 2010, 'silver', true, false, 70.0, 0);
INSERT INTO car (vin, sticker_price, make, model, year, color, is_new, is_sold, min_price, mileage) VALUES (787878, 13000, 'ford', 'explorer', 2016, 'black', true, false, 50.0, 0);
INSERT INTO car (vin, sticker_price, make, model, year, color, is_new, is_sold, min_price, mileage) VALUES (898989, 1000, 'ford', 'escape', 2001, 'white', true, false, 60.0, 0);
INSERT INTO car (vin, sticker_price, make, model, year, color, is_new, is_sold, min_price, mileage) VALUES (240969, 14391, 'Ford', 'mustang', 1997, 'red', true, false, 22., 0);
INSERT INTO car (vin, sticker_price, make, model, year, color, is_new, is_sold, min_price, mileage) VALUES (858246, 18613, 'Ford', 'focus', 1997, 'red', true, false, 48., 0);
INSERT INTO car (vin, sticker_price, make, model, year, color, is_new, is_sold, min_price, mileage) VALUES (539937, 14562, 'Ford', 'fusion', 1997, 'red', true, false, 21., 0);
INSERT INTO car (vin, sticker_price, make, model, year, color, is_new, is_sold, min_price, mileage) VALUES (765414, 13083, 'Ford', 'taurus', 1997, 'silver', true, false, 17., 0);
INSERT INTO car (vin, sticker_price, make, model, year, color, is_new, is_sold, min_price, mileage) VALUES (896989, 18747, 'Ford', 'mustang', 1998, 'red', true, false, 5.0, 0);
INSERT INTO car (vin, sticker_price, make, model, year, color, is_new, is_sold, min_price, mileage) VALUES (634668, 18124, 'Ford', 'focus', 1998, 'red', true, false, 31., 0);
INSERT INTO car (vin, sticker_price, make, model, year, color, is_new, is_sold, min_price, mileage) VALUES (539129, 6177, 'Ford', 'fusion', 1998, 'black', true, false, 42., 0);
INSERT INTO car (vin, sticker_price, make, model, year, color, is_new, is_sold, min_price, mileage) VALUES (963180, 5895, 'Ford', 'taurus', 1998, 'silver', true, false, 38., 0);
INSERT INTO car (vin, sticker_price, make, model, year, color, is_new, is_sold, min_price, mileage) VALUES (784691, 10411, 'Ford', 'mustang', 1999, 'silver', true, false, 13., 0);
INSERT INTO car (vin, sticker_price, make, model, year, color, is_new, is_sold, min_price, mileage) VALUES (723552, 17142, 'Ford', 'focus', 1999, 'red', true, false, 3.0, 0);
INSERT INTO car (vin, sticker_price, make, model, year, color, is_new, is_sold, min_price, mileage) VALUES (966157, 17662, 'Ford', 'fusion', 1999, 'red', true, false, 15., 0);
INSERT INTO car (vin, sticker_price, make, model, year, color, is_new, is_sold, min_price, mileage) VALUES (655232, 9534, 'Ford', 'taurus', 1999, 'red', true, false, 49., 0);
INSERT INTO car (vin, sticker_price, make, model, year, color, is_new, is_sold, min_price, mileage) VALUES (559817, 7518, 'Ford', 'mustang', 2000, 'red', true, false, 26., 0);
INSERT INTO car (vin, sticker_price, make, model, year, color, is_new, is_sold, min_price, mileage) VALUES (540424, 17493, 'Ford', 'focus', 2000, 'silver', true, false, 25., 0);
INSERT INTO car (vin, sticker_price, make, model, year, color, is_new, is_sold, min_price, mileage) VALUES (404139, 7050, 'Ford', 'fusion', 2000, 'black', true, false, 23., 0);
INSERT INTO car (vin, sticker_price, make, model, year, color, is_new, is_sold, min_price, mileage) VALUES (202901, 19922, 'Ford', 'taurus', 2000, 'red', true, false, 29., 0);
INSERT INTO car (vin, sticker_price, make, model, year, color, is_new, is_sold, min_price, mileage) VALUES (238939, 7612, 'Ford', 'mustang', 2001, 'silver', true, false, 43., 0);
INSERT INTO car (vin, sticker_price, make, model, year, color, is_new, is_sold, min_price, mileage) VALUES (163880, 18873, 'Ford', 'focus', 2001, 'black', true, false, 3.0, 0);
INSERT INTO car (vin, sticker_price, make, model, year, color, is_new, is_sold, min_price, mileage) VALUES (759840, 19111, 'Ford', 'fusion', 2001, 'silver', true, false, 47., 0);
INSERT INTO car (vin, sticker_price, make, model, year, color, is_new, is_sold, min_price, mileage) VALUES (765825, 12212, 'Ford', 'taurus', 2001, 'silver', true, false, 49., 0);
INSERT INTO car (vin, sticker_price, make, model, year, color, is_new, is_sold, min_price, mileage) VALUES (539493, 17991, 'Ford', 'mustang', 2002, 'red', true, false, 40., 0);
INSERT INTO car (vin, sticker_price, make, model, year, color, is_new, is_sold, min_price, mileage) VALUES (293860, 7490, 'Ford', 'focus', 2002, 'red', true, false, 49., 0);
INSERT INTO car (vin, sticker_price, make, model, year, color, is_new, is_sold, min_price, mileage) VALUES (631095, 6084, 'Ford', 'fusion', 2002, 'red', true, false, 6.0, 0);
INSERT INTO car (vin, sticker_price, make, model, year, color, is_new, is_sold, min_price, mileage) VALUES (304759, 11275, 'Ford', 'taurus', 2002, 'red', true, false, 8.0, 0);
INSERT INTO car (vin, sticker_price, make, model, year, color, is_new, is_sold, min_price, mileage) VALUES (517092, 5158, 'Ford', 'mustang', 2003, 'red', true, false, 2.0, 0);
INSERT INTO car (vin, sticker_price, make, model, year, color, is_new, is_sold, min_price, mileage) VALUES (940513, 19368, 'Ford', 'focus', 2003, 'black', true, false, 23., 0);
INSERT INTO car (vin, sticker_price, make, model, year, color, is_new, is_sold, min_price, mileage) VALUES (545565, 7009, 'Ford', 'fusion', 2003, 'silver', true, false, 12., 0);
INSERT INTO car (vin, sticker_price, make, model, year, color, is_new, is_sold, min_price, mileage) VALUES (514413, 6551, 'Ford', 'taurus', 2003, 'silver', true, false, 17., 0);
INSERT INTO car (vin, sticker_price, make, model, year, color, is_new, is_sold, min_price, mileage) VALUES (871604, 8667, 'Ford', 'mustang', 2004, 'red', true, false, 22., 0);
INSERT INTO car (vin, sticker_price, make, model, year, color, is_new, is_sold, min_price, mileage) VALUES (733188, 9558, 'Ford', 'focus', 2004, 'black', true, false, 4.0, 0);
INSERT INTO car (vin, sticker_price, make, model, year, color, is_new, is_sold, min_price, mileage) VALUES (563294, 17041, 'Ford', 'fusion', 2004, 'silver', true, false, 33., 0);
INSERT INTO car (vin, sticker_price, make, model, year, color, is_new, is_sold, min_price, mileage) VALUES (293046, 17675, 'Ford', 'taurus', 2004, 'black', true, false, 4.0, 0);
INSERT INTO car (vin, sticker_price, make, model, year, color, is_new, is_sold, min_price, mileage) VALUES (515346, 13741, 'Ford', 'mustang', 2005, 'black', true, false, 30., 0);
INSERT INTO car (vin, sticker_price, make, model, year, color, is_new, is_sold, min_price, mileage) VALUES (364081, 10874, 'Ford', 'focus', 2005, 'black', true, false, 19., 0);
INSERT INTO car (vin, sticker_price, make, model, year, color, is_new, is_sold, min_price, mileage) VALUES (361192, 8506, 'Ford', 'fusion', 2005, 'red', true, false, 27., 0);
INSERT INTO car (vin, sticker_price, make, model, year, color, is_new, is_sold, min_price, mileage) VALUES (218951, 19294, 'Ford', 'taurus', 2005, 'red', true, false, 17., 0);
INSERT INTO car (vin, sticker_price, make, model, year, color, is_new, is_sold, min_price, mileage) VALUES (169531, 7229, 'Ford', 'mustang', 2006, 'silver', true, false, 12., 0);
INSERT INTO car (vin, sticker_price, make, model, year, color, is_new, is_sold, min_price, mileage) VALUES (545068, 8485, 'Ford', 'focus', 2006, 'black', true, false, 31., 0);
INSERT INTO car (vin, sticker_price, make, model, year, color, is_new, is_sold, min_price, mileage) VALUES (293479, 16406, 'Ford', 'fusion', 2006, 'silver', true, false, 45., 0);
INSERT INTO car (vin, sticker_price, make, model, year, color, is_new, is_sold, min_price, mileage) VALUES (527670, 5224, 'Ford', 'taurus', 2006, 'black', true, false, 40., 0);
INSERT INTO car (vin, sticker_price, make, model, year, color, is_new, is_sold, min_price, mileage) VALUES (142378, 18644, 'Ford', 'mustang', 2007, 'black', true, false, 46., 0);
INSERT INTO car (vin, sticker_price, make, model, year, color, is_new, is_sold, min_price, mileage) VALUES (188795, 6736, 'Ford', 'focus', 2007, 'black', true, false, 48., 0);
INSERT INTO car (vin, sticker_price, make, model, year, color, is_new, is_sold, min_price, mileage) VALUES (904390, 15988, 'Ford', 'fusion', 2007, 'black', true, false, 2.0, 0);
INSERT INTO car (vin, sticker_price, make, model, year, color, is_new, is_sold, min_price, mileage) VALUES (503765, 13122, 'Ford', 'taurus', 2007, 'silver', true, false, 37., 0);
INSERT INTO car (vin, sticker_price, make, model, year, color, is_new, is_sold, min_price, mileage) VALUES (844029, 6307, 'Ford', 'mustang', 2008, 'red', true, false, 14., 0);
INSERT INTO car (vin, sticker_price, make, model, year, color, is_new, is_sold, min_price, mileage) VALUES (494113, 19987, 'Ford', 'focus', 2008, 'black', true, false, 44., 0);
INSERT INTO car (vin, sticker_price, make, model, year, color, is_new, is_sold, min_price, mileage) VALUES (181843, 8926, 'Ford', 'fusion', 2008, 'black', true, false, 44., 0);
INSERT INTO car (vin, sticker_price, make, model, year, color, is_new, is_sold, min_price, mileage) VALUES (304603, 9869, 'Ford', 'taurus', 2008, 'black', true, false, 43., 0);
INSERT INTO car (vin, sticker_price, make, model, year, color, is_new, is_sold, min_price, mileage) VALUES (517136, 12585, 'Ford', 'mustang', 2009, 'silver', true, false, 42., 0);
INSERT INTO car (vin, sticker_price, make, model, year, color, is_new, is_sold, min_price, mileage) VALUES (678083, 15976, 'Ford', 'focus', 2009, 'black', true, false, 47., 0);
INSERT INTO car (vin, sticker_price, make, model, year, color, is_new, is_sold, min_price, mileage) VALUES (868283, 9196, 'Ford', 'fusion', 2009, 'red', true, false, 19., 0);
INSERT INTO car (vin, sticker_price, make, model, year, color, is_new, is_sold, min_price, mileage) VALUES (759194, 13664, 'Ford', 'taurus', 2009, 'red', true, false, 3.0, 0);
INSERT INTO car (vin, sticker_price, make, model, year, color, is_new, is_sold, min_price, mileage) VALUES (831039, 15199, 'Ford', 'mustang', 2010, 'black', true, false, 22., 0);
INSERT INTO car (vin, sticker_price, make, model, year, color, is_new, is_sold, min_price, mileage) VALUES (474565, 8661, 'Ford', 'focus', 2010, 'black', true, false, 42., 0);
INSERT INTO car (vin, sticker_price, make, model, year, color, is_new, is_sold, min_price, mileage) VALUES (577481, 7415, 'Ford', 'fusion', 2010, 'red', true, false, 20., 0);
INSERT INTO car (vin, sticker_price, make, model, year, color, is_new, is_sold, min_price, mileage) VALUES (528425, 5926, 'Ford', 'taurus', 2010, 'black', true, false, 9.0, 0);
INSERT INTO car (vin, sticker_price, make, model, year, color, is_new, is_sold, min_price, mileage) VALUES (209287, 15558, 'Ford', 'mustang', 2011, 'silver', true, false, 4.0, 0);
INSERT INTO car (vin, sticker_price, make, model, year, color, is_new, is_sold, min_price, mileage) VALUES (563308, 19005, 'Ford', 'focus', 2011, 'red', true, false, 7.0, 0);
INSERT INTO car (vin, sticker_price, make, model, year, color, is_new, is_sold, min_price, mileage) VALUES (287914, 12222, 'Ford', 'fusion', 2011, 'red', true, false, 36., 0);
INSERT INTO car (vin, sticker_price, make, model, year, color, is_new, is_sold, min_price, mileage) VALUES (882618, 12157, 'Ford', 'taurus', 2011, 'black', true, false, 35., 0);
INSERT INTO car (vin, sticker_price, make, model, year, color, is_new, is_sold, min_price, mileage) VALUES (314820, 19654, 'Ford', 'mustang', 2012, 'red', true, false, 34., 0);
INSERT INTO car (vin, sticker_price, make, model, year, color, is_new, is_sold, min_price, mileage) VALUES (162461, 15574, 'Ford', 'focus', 2012, 'red', true, false, 34., 0);
INSERT INTO car (vin, sticker_price, make, model, year, color, is_new, is_sold, min_price, mileage) VALUES (108971, 7275, 'Ford', 'fusion', 2012, 'silver', true, false, 27., 0);
INSERT INTO car (vin, sticker_price, make, model, year, color, is_new, is_sold, min_price, mileage) VALUES (822691, 5639, 'Ford', 'taurus', 2012, 'silver', true, false, 46., 0);
INSERT INTO car (vin, sticker_price, make, model, year, color, is_new, is_sold, min_price, mileage) VALUES (916979, 12167, 'Ford', 'mustang', 2013, 'black', true, false, 23., 0);
INSERT INTO car (vin, sticker_price, make, model, year, color, is_new, is_sold, min_price, mileage) VALUES (739292, 15787, 'Ford', 'focus', 2013, 'red', true, false, 22., 0);
INSERT INTO car (vin, sticker_price, make, model, year, color, is_new, is_sold, min_price, mileage) VALUES (875831, 17910, 'Ford', 'fusion', 2013, 'black', true, false, 19., 0);
INSERT INTO car (vin, sticker_price, make, model, year, color, is_new, is_sold, min_price, mileage) VALUES (608089, 9244, 'Ford', 'taurus', 2013, 'black', true, false, 31., 0);
INSERT INTO car (vin, sticker_price, make, model, year, color, is_new, is_sold, min_price, mileage) VALUES (777553, 14499, 'Ford', 'mustang', 2014, 'silver', true, false, 43., 0);
INSERT INTO car (vin, sticker_price, make, model, year, color, is_new, is_sold, min_price, mileage) VALUES (275502, 19211, 'Ford', 'focus', 2014, 'silver', true, false, 31., 0);
INSERT INTO car (vin, sticker_price, make, model, year, color, is_new, is_sold, min_price, mileage) VALUES (916765, 6231, 'Ford', 'fusion', 2014, 'silver', true, false, 33., 0);
INSERT INTO car (vin, sticker_price, make, model, year, color, is_new, is_sold, min_price, mileage) VALUES (414287, 16733, 'Ford', 'taurus', 2014, 'black', true, false, 1.0, 0);
INSERT INTO car (vin, sticker_price, make, model, year, color, is_new, is_sold, min_price, mileage) VALUES (187258, 17314, 'Ford', 'mustang', 2015, 'black', true, false, 39., 0);
INSERT INTO car (vin, sticker_price, make, model, year, color, is_new, is_sold, min_price, mileage) VALUES (456694, 16910, 'Ford', 'focus', 2015, 'red', true, false, 21., 0);
INSERT INTO car (vin, sticker_price, make, model, year, color, is_new, is_sold, min_price, mileage) VALUES (103080, 8367, 'Ford', 'fusion', 2015, 'black', true, false, 37., 0);
INSERT INTO car (vin, sticker_price, make, model, year, color, is_new, is_sold, min_price, mileage) VALUES (799099, 14442, 'Ford', 'taurus', 2015, 'red', true, false, 32., 0);
INSERT INTO car (vin, sticker_price, make, model, year, color, is_new, is_sold, min_price, mileage) VALUES (227914, 7844, 'Ford', 'mustang', 2016, 'silver', true, false, 35., 0);
INSERT INTO car (vin, sticker_price, make, model, year, color, is_new, is_sold, min_price, mileage) VALUES (129626, 9958, 'Ford', 'focus', 2016, 'red', true, false, 3.0, 0);
INSERT INTO car (vin, sticker_price, make, model, year, color, is_new, is_sold, min_price, mileage) VALUES (818244, 10671, 'Ford', 'fusion', 2016, 'black', true, false, 3.0, 0);
INSERT INTO car (vin, sticker_price, make, model, year, color, is_new, is_sold, min_price, mileage) VALUES (886416, 16947, 'Ford', 'taurus', 2016, 'black', true, false, 6.0, 0);
INSERT INTO features (feat_id, feat_name) VALUES (0, 'AC');
INSERT INTO features (feat_id, feat_name) VALUES (1, 'Heated Seats');
INSERT INTO features (feat_id, feat_name) VALUES (2, 'Power Windows');
INSERT INTO features (feat_id, feat_name) VALUES (3, 'Sunroof');
INSERT INTO features (feat_id, feat_name) VALUES (4, 'Leather Seats');
INSERT INTO features (feat_id, feat_name) VALUES (5, 'Sirius XM Radio');
INSERT INTO customer (name, ref_type, ref_origin) VALUES ('Frank Murray', 'none', 'none');
INSERT INTO customer (name, ref_type, ref_origin) VALUES ('Jan Scott', 'web', 'facebook.com');
INSERT INTO customer (name, ref_type, ref_origin) VALUES ('Adrian Blake', 'mouth', 'Emma Peake');
INSERT INTO customer (name, ref_type, ref_origin) VALUES ('Emma Peake', 'web', 'cars.com');
INSERT INTO customer (name, ref_type, ref_origin) VALUES ('Adam Parr', 'tv ad', 'channel 3');
INSERT INTO payment (amount, trade_id, fin_id) VALUES (10000, null, null);
INSERT INTO payment (amount, trade_id, fin_id) VALUES (15000, null, 1);
INSERT INTO payment (amount, trade_id, fin_id) VALUES (9000, 1, 2);
INSERT INTO payment (amount, trade_id, fin_id) VALUES (5000, null, null);
INSERT INTO payment (amount, trade_id, fin_id) VALUES (20000, null, 3);
INSERT INTO payment (amount, trade_id, fin_id) VALUES (18000, 2, 4);
INSERT INTO payment (amount, trade_id, fin_id) VALUES (18000, null, null);
INSERT INTO payment (amount, trade_id, fin_id) VALUES (15000, null, 5);
INSERT INTO payment (amount, trade_id, fin_id) VALUES (8000, null, null);
INSERT INTO payment (amount, trade_id, fin_id) VALUES (12000, 3, 6);
INSERT INTO payment (amount, trade_id, fin_id) VALUES (13000, null, 7);
INSERT INTO payment (amount, trade_id, fin_id) VALUES (9500, 4, 8);
INSERT INTO payment (amount, trade_id, fin_id) VALUES (12000, null, null);
INSERT INTO payment (amount, trade_id, fin_id) VALUES (13000, null, 9);
INSERT INTO payment (amount, trade_id, fin_id) VALUES (1000, null, null);
INSERT INTO financing (amount, type, name, addr) VALUES (15000, 'bank', 'bank of america', '123 Fake St.');
INSERT INTO financing (amount, type, name, addr) VALUES (4000, 'dealership', 'friendly', '543 False Ave.');
INSERT INTO financing (amount, type, name, addr) VALUES (20000, 'dealership', 'friendly', '543 False Ave.');
INSERT INTO financing (amount, type, name, addr) VALUES (11000, 'bank', 'citi bank', '822 Fiction Ct.');
INSERT INTO financing (amount, type, name, addr) VALUES (15000, 'bank', 'citi bank', '822 Fiction Ct.');
INSERT INTO financing (amount, type, name, addr) VALUES (6000, 'bank', 'bank of america', '123 Fake St.');
INSERT INTO financing (amount, type, name, addr) VALUES (13000, 'manufacture', 'ford', '235 Merry Ave.');
INSERT INTO financing (amount, type, name, addr) VALUES (4500, 'manufacture', 'ford', '235 Merry Ave.');
INSERT INTO financing (amount, type, name, addr) VALUES (8000, 'dealership', 'friendly', '543 False Ave.');
INSERT INTO trade_in (vin, mileage, condition, value) VALUES (222222, 25000, 'good', 5000);
INSERT INTO trade_in (vin, mileage, condition, value) VALUES (333333, 50000, 'good', 5000);
INSERT INTO trade_in (vin, mileage, condition, value) VALUES (555555, 5000, 'excellent', 6000);
INSERT INTO trade_in (vin, mileage, condition, value) VALUES (121212, 10000, 'fair', 5000);
INSERT INTO warranty (type, cost, duration, miles) VALUES ('Standard', 0, 60, 5000);
INSERT INTO warranty (type, cost, duration, miles) VALUES ('Extended', 100, 120, 10000);
INSERT INTO warranty (type, cost, duration, miles) VALUES ('Limited', 0, 30, 2000);
INSERT INTO has_features (vin, feat_id) VALUES (240969, 0);
INSERT INTO has_features (vin, feat_id) VALUES (858246, 0);
INSERT INTO has_features (vin, feat_id) VALUES (858246, 1);
INSERT INTO has_features (vin, feat_id) VALUES (858246, 2);
INSERT INTO has_features (vin, feat_id) VALUES (539937, 0);
INSERT INTO has_features (vin, feat_id) VALUES (539937, 2);
INSERT INTO has_features (vin, feat_id) VALUES (539937, 3);
INSERT INTO has_features (vin, feat_id) VALUES (765414, 4);
INSERT INTO has_features (vin, feat_id) VALUES (896989, 0);
INSERT INTO has_features (vin, feat_id) VALUES (896989, 1);
INSERT INTO has_features (vin, feat_id) VALUES (896989, 3);
INSERT INTO has_features (vin, feat_id) VALUES (634668, 0);
INSERT INTO has_features (vin, feat_id) VALUES (634668, 1);
INSERT INTO has_features (vin, feat_id) VALUES (634668, 2);
INSERT INTO has_features (vin, feat_id) VALUES (634668, 3);
INSERT INTO has_features (vin, feat_id) VALUES (634668, 4);
INSERT INTO has_features (vin, feat_id) VALUES (539129, 0);
INSERT INTO has_features (vin, feat_id) VALUES (539129, 2);
INSERT INTO has_features (vin, feat_id) VALUES (539129, 3);
INSERT INTO has_features (vin, feat_id) VALUES (963180, 2);
INSERT INTO has_features (vin, feat_id) VALUES (963180, 3);
INSERT INTO has_features (vin, feat_id) VALUES (784691, 0);
INSERT INTO has_features (vin, feat_id) VALUES (784691, 2);
INSERT INTO has_features (vin, feat_id) VALUES (784691, 3);
INSERT INTO has_features (vin, feat_id) VALUES (723552, 0);
INSERT INTO has_features (vin, feat_id) VALUES (723552, 1);
INSERT INTO has_features (vin, feat_id) VALUES (723552, 2);
INSERT INTO has_features (vin, feat_id) VALUES (723552, 3);
INSERT INTO has_features (vin, feat_id) VALUES (723552, 4);
INSERT INTO has_features (vin, feat_id) VALUES (966157, 0);
INSERT INTO has_features (vin, feat_id) VALUES (966157, 2);
INSERT INTO has_features (vin, feat_id) VALUES (655232, 0);
INSERT INTO has_features (vin, feat_id) VALUES (655232, 2);
INSERT INTO has_features (vin, feat_id) VALUES (559817, 0);
INSERT INTO has_features (vin, feat_id) VALUES (559817, 2);
INSERT INTO has_features (vin, feat_id) VALUES (540424, 0);
INSERT INTO has_features (vin, feat_id) VALUES (540424, 1);
INSERT INTO has_features (vin, feat_id) VALUES (540424, 2);
INSERT INTO has_features (vin, feat_id) VALUES (540424, 3);
INSERT INTO has_features (vin, feat_id) VALUES (404139, 2);
INSERT INTO has_features (vin, feat_id) VALUES (404139, 3);
INSERT INTO has_features (vin, feat_id) VALUES (404139, 4);
INSERT INTO has_features (vin, feat_id) VALUES (202901, 2);
INSERT INTO has_features (vin, feat_id) VALUES (202901, 4);
INSERT INTO has_features (vin, feat_id) VALUES (238939, 2);
INSERT INTO has_features (vin, feat_id) VALUES (238939, 3);
INSERT INTO has_features (vin, feat_id) VALUES (163880, 1);
INSERT INTO has_features (vin, feat_id) VALUES (163880, 3);
INSERT INTO has_features (vin, feat_id) VALUES (163880, 4);
INSERT INTO has_features (vin, feat_id) VALUES (759840, 0);
INSERT INTO has_features (vin, feat_id) VALUES (759840, 1);
INSERT INTO has_features (vin, feat_id) VALUES (759840, 3);
INSERT INTO has_features (vin, feat_id) VALUES (759840, 4);
INSERT INTO has_features (vin, feat_id) VALUES (765825, 3);
INSERT INTO has_features (vin, feat_id) VALUES (765825, 4);
INSERT INTO has_features (vin, feat_id) VALUES (539493, 0);
INSERT INTO has_features (vin, feat_id) VALUES (539493, 2);
INSERT INTO has_features (vin, feat_id) VALUES (293860, 1);
INSERT INTO has_features (vin, feat_id) VALUES (293860, 2);
INSERT INTO has_features (vin, feat_id) VALUES (293860, 3);
INSERT INTO has_features (vin, feat_id) VALUES (631095, 0);
INSERT INTO has_features (vin, feat_id) VALUES (631095, 2);
INSERT INTO has_features (vin, feat_id) VALUES (304759, 1);
INSERT INTO has_features (vin, feat_id) VALUES (304759, 4);
INSERT INTO has_features (vin, feat_id) VALUES (517092, 0);
INSERT INTO has_features (vin, feat_id) VALUES (940513, 1);
INSERT INTO has_features (vin, feat_id) VALUES (940513, 2);
INSERT INTO has_features (vin, feat_id) VALUES (940513, 3);
INSERT INTO has_features (vin, feat_id) VALUES (545565, 2);
INSERT INTO has_features (vin, feat_id) VALUES (545565, 3);
INSERT INTO has_features (vin, feat_id) VALUES (514413, 1);
INSERT INTO has_features (vin, feat_id) VALUES (514413, 2);
INSERT INTO has_features (vin, feat_id) VALUES (514413, 3);
INSERT INTO has_features (vin, feat_id) VALUES (871604, 3);
INSERT INTO has_features (vin, feat_id) VALUES (733188, 0);
INSERT INTO has_features (vin, feat_id) VALUES (733188, 3);
INSERT INTO has_features (vin, feat_id) VALUES (563294, 0);
INSERT INTO has_features (vin, feat_id) VALUES (563294, 1);
INSERT INTO has_features (vin, feat_id) VALUES (563294, 3);
INSERT INTO has_features (vin, feat_id) VALUES (563294, 4);
INSERT INTO has_features (vin, feat_id) VALUES (293046, 3);
INSERT INTO has_features (vin, feat_id) VALUES (364081, 0);
INSERT INTO has_features (vin, feat_id) VALUES (364081, 3);
INSERT INTO has_features (vin, feat_id) VALUES (361192, 0);
INSERT INTO has_features (vin, feat_id) VALUES (361192, 1);
INSERT INTO has_features (vin, feat_id) VALUES (361192, 2);
INSERT INTO has_features (vin, feat_id) VALUES (361192, 3);
INSERT INTO has_features (vin, feat_id) VALUES (218951, 0);
INSERT INTO has_features (vin, feat_id) VALUES (218951, 1);
INSERT INTO has_features (vin, feat_id) VALUES (218951, 3);
INSERT INTO has_features (vin, feat_id) VALUES (169531, 1);
INSERT INTO has_features (vin, feat_id) VALUES (169531, 2);
INSERT INTO has_features (vin, feat_id) VALUES (169531, 3);
INSERT INTO has_features (vin, feat_id) VALUES (545068, 1);
INSERT INTO has_features (vin, feat_id) VALUES (293479, 0);
INSERT INTO has_features (vin, feat_id) VALUES (293479, 2);
INSERT INTO has_features (vin, feat_id) VALUES (293479, 4);
INSERT INTO has_features (vin, feat_id) VALUES (527670, 0);
INSERT INTO has_features (vin, feat_id) VALUES (527670, 1);
INSERT INTO has_features (vin, feat_id) VALUES (527670, 3);
INSERT INTO has_features (vin, feat_id) VALUES (142378, 1);
INSERT INTO has_features (vin, feat_id) VALUES (142378, 2);
INSERT INTO has_features (vin, feat_id) VALUES (142378, 3);
INSERT INTO has_features (vin, feat_id) VALUES (188795, 0);
INSERT INTO has_features (vin, feat_id) VALUES (904390, 0);
INSERT INTO has_features (vin, feat_id) VALUES (844029, 4);
INSERT INTO has_features (vin, feat_id) VALUES (494113, 0);
INSERT INTO has_features (vin, feat_id) VALUES (494113, 1);
INSERT INTO has_features (vin, feat_id) VALUES (494113, 2);
INSERT INTO has_features (vin, feat_id) VALUES (494113, 4);
INSERT INTO has_features (vin, feat_id) VALUES (181843, 0);
INSERT INTO has_features (vin, feat_id) VALUES (181843, 2);
INSERT INTO has_features (vin, feat_id) VALUES (304603, 0);
INSERT INTO has_features (vin, feat_id) VALUES (304603, 1);
INSERT INTO has_features (vin, feat_id) VALUES (304603, 2);
INSERT INTO has_features (vin, feat_id) VALUES (304603, 4);
INSERT INTO has_features (vin, feat_id) VALUES (517136, 1);
INSERT INTO has_features (vin, feat_id) VALUES (517136, 2);
INSERT INTO has_features (vin, feat_id) VALUES (517136, 4);
INSERT INTO has_features (vin, feat_id) VALUES (678083, 3);
INSERT INTO has_features (vin, feat_id) VALUES (678083, 4);
INSERT INTO has_features (vin, feat_id) VALUES (868283, 1);
INSERT INTO has_features (vin, feat_id) VALUES (868283, 2);
INSERT INTO has_features (vin, feat_id) VALUES (759194, 0);
INSERT INTO has_features (vin, feat_id) VALUES (759194, 3);
INSERT INTO has_features (vin, feat_id) VALUES (831039, 0);
INSERT INTO has_features (vin, feat_id) VALUES (831039, 2);
INSERT INTO has_features (vin, feat_id) VALUES (831039, 4);
INSERT INTO has_features (vin, feat_id) VALUES (474565, 0);
INSERT INTO has_features (vin, feat_id) VALUES (474565, 1);
INSERT INTO has_features (vin, feat_id) VALUES (577481, 1);
INSERT INTO has_features (vin, feat_id) VALUES (577481, 3);
INSERT INTO has_features (vin, feat_id) VALUES (528425, 3);
INSERT INTO has_features (vin, feat_id) VALUES (209287, 0);
INSERT INTO has_features (vin, feat_id) VALUES (209287, 1);
INSERT INTO has_features (vin, feat_id) VALUES (209287, 2);
INSERT INTO has_features (vin, feat_id) VALUES (563308, 1);
INSERT INTO has_features (vin, feat_id) VALUES (563308, 3);
INSERT INTO has_features (vin, feat_id) VALUES (563308, 4);
INSERT INTO has_features (vin, feat_id) VALUES (287914, 0);
INSERT INTO has_features (vin, feat_id) VALUES (287914, 1);
INSERT INTO has_features (vin, feat_id) VALUES (287914, 4);
INSERT INTO has_features (vin, feat_id) VALUES (882618, 0);
INSERT INTO has_features (vin, feat_id) VALUES (882618, 1);
INSERT INTO has_features (vin, feat_id) VALUES (882618, 2);
INSERT INTO has_features (vin, feat_id) VALUES (314820, 0);
INSERT INTO has_features (vin, feat_id) VALUES (314820, 1);
INSERT INTO has_features (vin, feat_id) VALUES (314820, 3);
INSERT INTO has_features (vin, feat_id) VALUES (162461, 1);
INSERT INTO has_features (vin, feat_id) VALUES (108971, 0);
INSERT INTO has_features (vin, feat_id) VALUES (108971, 3);
INSERT INTO has_features (vin, feat_id) VALUES (108971, 4);
INSERT INTO has_features (vin, feat_id) VALUES (822691, 0);
INSERT INTO has_features (vin, feat_id) VALUES (822691, 1);
INSERT INTO has_features (vin, feat_id) VALUES (822691, 2);
INSERT INTO has_features (vin, feat_id) VALUES (822691, 4);
INSERT INTO has_features (vin, feat_id) VALUES (916979, 2);
INSERT INTO has_features (vin, feat_id) VALUES (916979, 3);
INSERT INTO has_features (vin, feat_id) VALUES (739292, 2);
INSERT INTO has_features (vin, feat_id) VALUES (875831, 2);
INSERT INTO has_features (vin, feat_id) VALUES (875831, 3);
INSERT INTO has_features (vin, feat_id) VALUES (875831, 4);
INSERT INTO has_features (vin, feat_id) VALUES (608089, 1);
INSERT INTO has_features (vin, feat_id) VALUES (608089, 2);
INSERT INTO has_features (vin, feat_id) VALUES (608089, 3);
INSERT INTO has_features (vin, feat_id) VALUES (777553, 0);
INSERT INTO has_features (vin, feat_id) VALUES (275502, 0);
INSERT INTO has_features (vin, feat_id) VALUES (275502, 1);
INSERT INTO has_features (vin, feat_id) VALUES (275502, 3);
INSERT INTO has_features (vin, feat_id) VALUES (275502, 4);
INSERT INTO has_features (vin, feat_id) VALUES (916765, 1);
INSERT INTO has_features (vin, feat_id) VALUES (916765, 2);
INSERT INTO has_features (vin, feat_id) VALUES (916765, 3);
INSERT INTO has_features (vin, feat_id) VALUES (414287, 0);
INSERT INTO has_features (vin, feat_id) VALUES (414287, 1);
INSERT INTO has_features (vin, feat_id) VALUES (414287, 2);
INSERT INTO has_features (vin, feat_id) VALUES (414287, 3);
INSERT INTO has_features (vin, feat_id) VALUES (187258, 0);
INSERT INTO has_features (vin, feat_id) VALUES (187258, 3);
INSERT INTO has_features (vin, feat_id) VALUES (187258, 4);
INSERT INTO has_features (vin, feat_id) VALUES (456694, 1);
INSERT INTO has_features (vin, feat_id) VALUES (456694, 2);
INSERT INTO has_features (vin, feat_id) VALUES (456694, 3);
INSERT INTO has_features (vin, feat_id) VALUES (456694, 4);
INSERT INTO has_features (vin, feat_id) VALUES (103080, 1);
INSERT INTO has_features (vin, feat_id) VALUES (103080, 2);
INSERT INTO has_features (vin, feat_id) VALUES (103080, 3);
INSERT INTO has_features (vin, feat_id) VALUES (799099, 0);
INSERT INTO has_features (vin, feat_id) VALUES (799099, 1);
INSERT INTO has_features (vin, feat_id) VALUES (799099, 2);
INSERT INTO has_features (vin, feat_id) VALUES (227914, 1);
INSERT INTO has_features (vin, feat_id) VALUES (227914, 3);
INSERT INTO has_features (vin, feat_id) VALUES (129626, 0);
INSERT INTO has_features (vin, feat_id) VALUES (129626, 2);
INSERT INTO has_features (vin, feat_id) VALUES (129626, 3);
INSERT INTO has_features (vin, feat_id) VALUES (818244, 1);
INSERT INTO has_features (vin, feat_id) VALUES (818244, 2);
INSERT INTO has_features (vin, feat_id) VALUES (818244, 3);
INSERT INTO has_features (vin, feat_id) VALUES (818244, 4);
INSERT INTO sale (is_approved, price, date, emp_requested, tax_rate, license_fee, cus_id, vin, emp_id, payment_id, warranty_id) VALUES (false, 10000, '01/01/2017', false, 0.05, 216, 1, 555555, 1, 1, 2);
INSERT INTO has_customization (sale_id, custom_id) VALUES (1, 1);
INSERT INTO has_customization (sale_id, custom_id) VALUES (1, 4);
INSERT INTO sale (is_approved, price, date, emp_requested, tax_rate, license_fee, cus_id, vin, emp_id, payment_id, warranty_id) VALUES (false, 15000, '01/01/2017', true, 0.05, 45, 1, 666666, 3, 2, 1);
INSERT INTO sale (is_approved, price, date, emp_requested, tax_rate, license_fee, cus_id, vin, emp_id, payment_id, warranty_id) VALUES (false, 9000, '01/01/2017', false, 0.05, 68, 1, 777777, 8, 3, 2);
INSERT INTO sale (is_approved, price, date, emp_requested, tax_rate, license_fee, cus_id, vin, emp_id, payment_id, warranty_id) VALUES (false, 5000, '01/01/2017', false, 0.05, 267, 2, 111111, 5, 4, 1);
INSERT INTO has_customization (sale_id, custom_id) VALUES (4, 1);
INSERT INTO has_customization (sale_id, custom_id) VALUES (4, 2);
INSERT INTO sale (is_approved, price, date, emp_requested, tax_rate, license_fee, cus_id, vin, emp_id, payment_id, warranty_id) VALUES (false, 20000, '01/01/2017', false, 0.05, 130, 4, 222222, 4, 5, 1);
INSERT INTO has_customization (sale_id, custom_id) VALUES (5, 1);
INSERT INTO sale (is_approved, price, date, emp_requested, tax_rate, license_fee, cus_id, vin, emp_id, payment_id, warranty_id) VALUES (false, 18000, '01/01/2017', false, 0.05, 37, 4, 333333, 4, 6, 2);
INSERT INTO has_customization (sale_id, custom_id) VALUES (6, 1);
INSERT INTO has_customization (sale_id, custom_id) VALUES (6, 4);
INSERT INTO sale (is_approved, price, date, emp_requested, tax_rate, license_fee, cus_id, vin, emp_id, payment_id, warranty_id) VALUES (false, 18000, '01/01/2017', true, 0.05, 177, 1, 444444, 1, 7, 2);
INSERT INTO has_customization (sale_id, custom_id) VALUES (7, 1);
INSERT INTO has_customization (sale_id, custom_id) VALUES (7, 2);
INSERT INTO has_customization (sale_id, custom_id) VALUES (7, 3);
INSERT INTO has_customization (sale_id, custom_id) VALUES (7, 4);
INSERT INTO sale (is_approved, price, date, emp_requested, tax_rate, license_fee, cus_id, vin, emp_id, payment_id, warranty_id) VALUES (false, 15000, '01/01/2017', true, 0.05, 107, 3, 121212, 7, 8, 1);
INSERT INTO has_customization (sale_id, custom_id) VALUES (8, 1);
INSERT INTO has_customization (sale_id, custom_id) VALUES (8, 2);
INSERT INTO has_customization (sale_id, custom_id) VALUES (8, 3);
INSERT INTO sale (is_approved, price, date, emp_requested, tax_rate, license_fee, cus_id, vin, emp_id, payment_id, warranty_id) VALUES (false, 8000, '01/01/2017', false, 0.05, 126, 4, 232323, 2, 9, 1);
INSERT INTO has_customization (sale_id, custom_id) VALUES (9, 1);
INSERT INTO has_customization (sale_id, custom_id) VALUES (9, 2);
INSERT INTO has_customization (sale_id, custom_id) VALUES (9, 3);
INSERT INTO sale (is_approved, price, date, emp_requested, tax_rate, license_fee, cus_id, vin, emp_id, payment_id, warranty_id) VALUES (false, 12000, '01/01/2017', false, 0.05, 188, 4, 343434, 4, 10, 2);
INSERT INTO has_customization (sale_id, custom_id) VALUES (10, 1);
INSERT INTO has_customization (sale_id, custom_id) VALUES (10, 4);
INSERT INTO sale (is_approved, price, date, emp_requested, tax_rate, license_fee, cus_id, vin, emp_id, payment_id, warranty_id) VALUES (false, 13000, '01/01/2017', true, 0.05, 222, 3, 454545, 4, 11, 1);
INSERT INTO has_customization (sale_id, custom_id) VALUES (11, 3);
INSERT INTO sale (is_approved, price, date, emp_requested, tax_rate, license_fee, cus_id, vin, emp_id, payment_id, warranty_id) VALUES (false, 9500, '01/01/2017', false, 0.05, 182, 3, 565656, 9, 12, 1);
INSERT INTO has_customization (sale_id, custom_id) VALUES (12, 2);
INSERT INTO has_customization (sale_id, custom_id) VALUES (12, 3);
INSERT INTO sale (is_approved, price, date, emp_requested, tax_rate, license_fee, cus_id, vin, emp_id, payment_id, warranty_id) VALUES (false, 12000, '01/01/2017', false, 0.05, 167, 3, 676767, 3, 13, 1);
INSERT INTO has_customization (sale_id, custom_id) VALUES (13, 2);
INSERT INTO sale (is_approved, price, date, emp_requested, tax_rate, license_fee, cus_id, vin, emp_id, payment_id, warranty_id) VALUES (false, 13000, '01/01/2017', false, 0.05, 236, 1, 787878, 9, 14, 1);
INSERT INTO has_customization (sale_id, custom_id) VALUES (14, 1);
INSERT INTO has_customization (sale_id, custom_id) VALUES (14, 2);
INSERT INTO sale (is_approved, price, date, emp_requested, tax_rate, license_fee, cus_id, vin, emp_id, payment_id, warranty_id) VALUES (false, 1000, '01/01/2017', false, 0.05, 35, 4, 898989, 9, 15, 1);
INSERT INTO has_customization (sale_id, custom_id) VALUES (15, 1);
INSERT INTO has_customization (sale_id, custom_id) VALUES (15, 3);
INSERT INTO has_customization (sale_id, custom_id) VALUES (15, 4);
create or replace function calculate_profits(id int) returns money as $$ BEGIN return (SELEct sum(PRICE) FROM SALE WHERE EMP_ID = ID) * (SElect commission from employee where emp_id = id) / 100; END; $$ language plpgsql;
