DROP TABLE IF EXISTS customization_options CASCADE; 
CREATE TABLE customization_options ( custom_id serial NOT NULL PRIMARY KEY, custom_name character varying(70) NOT NULL, cost money NOT NULL );
DROP TABLE IF EXISTS features CASCADE; 
CREATE TABLE features ( feat_id serial NOT NULL PRIMARY KEY, feat_name character varying(70) NOT NULL );
DROP TABLE IF EXISTS customer CASCADE; 
CREATE TABLE customer ( cus_id serial NOT NULL PRIMARY KEY, name character varying(70) NOT NULL, ref_type character varying(70) NOT NULL, ref_origin character varying(70) NOT NULL );
DROP TABLE IF EXISTS employee CASCADE; 
CREATE TABLE employee ( emp_id serial NOT NULL PRIMARY KEY, emp_name character varying(70) NOT NULL, commission numeric(5,2) NOT NULL, role character varying(70) NOT NULL, CONSTRAINT value_is_percentage CHECK (((commission >= (0)::numeric) AND (commission < (100)::numeric) )) );
DROP TABLE IF EXISTS car CASCADE; 
CREATE TABLE car ( vin integer NOT NULL PRIMARY KEY, sticker_price money NOT NULL, make character varying(70) NOT NULL, model character varying(70) NOT NULL, year integer NOT NULL, color character varying(70) NOT NULL, is_new boolean NOT NULL, is_sold boolean NOT NULL, min_price numeric(5,2) NOT NULL, mileage integer NOT NULL );
DROP TABLE IF EXISTS trade_in CASCADE; 
CREATE TABLE trade_in ( trade_id serial NOT NULL PRIMARY KEY, vin integer NOT NULL REFERENCES car(vin), mileage integer NOT NULL, condition character varying(250) NOT NULL, value money NOT NULL );
DROP TABLE IF EXISTS financing CASCADE; 
CREATE TABLE financing ( fin_id serial NOT NULL PRIMARY KEY, amount money NOT NULL, type character varying(250) NOT NULL, name character varying(70) NOT NULL, addr character varying(100) NOT NULL );
DROP TABLE IF EXISTS payment CASCADE; 
CREATE TABLE payment ( payment_id serial NOT NULL PRIMARY KEY, amount money NOT NULL, trade_id integer REFERENCES trade_in(trade_id) ON DELETE CASCADE, fin_id integer REFERENCES financing(fin_id) ON DELETE CASCADE );
DROP TABLE IF EXISTS warranty CASCADE; 
CREATE TABLE warranty ( warranty_id serial NOT NULL PRIMARY KEY, type character varying(70) NOT NULL, cost money NOT NULL, duration integer NOT NULL, miles integer NOT NULL );
DROP TABLE IF EXISTS sale CASCADE; 
CREATE TABLE sale ( sale_id serial NOT NULL PRIMARY KEY, is_approved boolean NOT NULL, price money NOT NULL, date date NOT NULL, emp_requested boolean NOT NULL, tax_rate numeric(5,2) NOT NULL, license_fee money NOT NULL, cus_id integer NOT NULL REFERENCES customer(cus_id) ON DELETE CASCADE, vin integer NOT NULL REFERENCES car(vin) ON DELETE CASCADE, emp_id integer NOT NULL REFERENCES employee(emp_id) ON DELETE CASCADE, payment_id integer NOT NULL REFERENCES payment(payment_id) ON DELETE CASCADE, warranty_id integer NOT NULL REFERENCES warranty(warranty_id) ON DELETE CASCADE, CONSTRAINT value_is_percentage CHECK (((tax_rate >= (0)::numeric) AND (tax_rate < (100)::numeric) )) );
DROP TABLE IF EXISTS has_features CASCADE; 
CREATE TABLE has_features ( feat_id integer NOT NULL REFERENCES features(feat_id) ON DELETE CASCADE, vin integer NOT NULL REFERENCES car(vin) ON DELETE CASCADE, PRIMARY KEY(feat_id, vin) );
DROP TABLE IF EXISTS has_customization CASCADE; 
CREATE TABLE has_customization ( custom_id integer NOT NULL REFERENCES customization_options(custom_id) ON DELETE CASCADE, sale_id integer NOT NULL REFERENCES sale(sale_id) ON DELETE CASCADE, PRIMARY KEY(custom_id, sale_id) );
CREATE VIEW all_new_cars_with_ac_and_heated_seats AS  SELECT * FROM car WHERE car.vin in (  SELECT car.vin FROM car, has_features, features  WHERE is_new = TRUE AND is_sold = FALSE AND  has_features.vin = car.vin AND  features.feat_id = has_features.feat_id AND  features.feat_name in ('Heated Seats','AC')  GROUP BY car.vin HAVING count(*) = 2);
create or replace function trade_in_vin_new_or_not() returns trigger as $BODY$ begin if(new.vin = (select vin from car where new.vin = vin)) then update car set is_sold = false, is_new = false, mileage = new.mileage where vin = new.vin; else insert into car(vin, sticker_price, make, model, year, color, is_new, is_sold, min_price, mileage) values (NEW.vin, 5000, 'Toyota', 'Camry', 1997, 'Grey', false, false, 10, new.mileage); end if; return new; end $BODY$ language plpgsql;
create or replace function update_car_on_sale() returns trigger as $BODY$ begin if(new.vin = (select vin from car where new.vin = vin)) then update car set is_sold = true where vin = new.vin; end if; return new; end $BODY$ language plpgsql;
CREATE TRIGGER update_vin_on_trade_in AFTER INSERT ON trade_in FOR EACH ROW EXECUTE PROCEDURE trade_in_vin_new_or_not();
CREATE TRIGGER on_car_sale AFTER INSERT ON sale FOR EACH ROW EXECUTE PROCEDURE update_car_on_sale();
INSERT INTO features (feat_id, feat_name) VALUES (0, 'AC');
INSERT INTO features (feat_id, feat_name) VALUES (1, 'Heated Seats');
INSERT INTO features (feat_id, feat_name) VALUES (2, 'Power Windows');
INSERT INTO features (feat_id, feat_name) VALUES (3, 'Sunroof');
INSERT INTO features (feat_id, feat_name) VALUES (4, 'Leather Seats');
INSERT INTO features (feat_id, feat_name) VALUES (5, 'Sirius XM Radio');
INSERT INTO customization_options (custom_name, cost) VALUES (' Sound System', 247);
INSERT INTO customization_options (custom_name, cost) VALUES (' Paint Trim', 226);
INSERT INTO customization_options (custom_name, cost) VALUES (' Alarm System', 81);
INSERT INTO customization_options (custom_name, cost) VALUES (' Weather Coating', 33);
INSERT INTO warranty (type, cost, duration, miles) VALUES ('Standard', 0, 60, 5000);
INSERT INTO warranty (type, cost, duration, miles) VALUES ('Extended', 100, 120, 10000);
INSERT INTO warranty (type, cost, duration, miles) VALUES ('Limited', 0, 30, 2000);
INSERT INTO customer (name, ref_type, ref_origin) VALUES ('Frank Murray', 'none', 'none');
INSERT INTO customer (name, ref_type, ref_origin) VALUES ('Jan Scott', 'web', 'facebook.com');
INSERT INTO customer (name, ref_type, ref_origin) VALUES ('Adrian Blake', 'mouth', 'Emma Peake');
INSERT INTO customer (name, ref_type, ref_origin) VALUES ('Emma Peake', 'web', 'cars.com');
INSERT INTO customer (name, ref_type, ref_origin) VALUES ('Adam Parr', 'tv ad', 'channel 3');
INSERT INTO employee (emp_name, commission, role) VALUES ('Jim Friendly', 30, 'Manager');
INSERT INTO employee (emp_name, commission, role) VALUES ('Diane Graham', 10, 'sales');
INSERT INTO employee (emp_name, commission, role) VALUES ('Keven Greene', 10, 'sales');
INSERT INTO employee (emp_name, commission, role) VALUES ('Joshua Fraser', 5, 'sales');
INSERT INTO employee (emp_name, commission, role) VALUES ('Brian Morrison', 0, 'sec');
INSERT INTO employee (emp_name, commission, role) VALUES ('Casey Smith', 10, 'sales');
INSERT INTO employee (emp_name, commission, role) VALUES ('Chase Jones', 10, 'sales');
INSERT INTO employee (emp_name, commission, role) VALUES ('Mike Doe', 20, 'sales');
INSERT INTO employee (emp_name, commission, role) VALUES ('Connor Davis', 15, 'sales');
INSERT INTO employee (emp_name, commission, role) VALUES ('Ariana Buck', 15, 'sales');
INSERT INTO car (vin, sticker_price, make, model, year, color, is_new, is_sold, min_price, mileage) VALUES (555555, 10000, 'ford', 'fusion', 2010, 'silver', true, false, 70.0, 0);
INSERT INTO car (vin, sticker_price, make, model, year, color, is_new, is_sold, min_price, mileage) VALUES (666666, 15000, 'ford', 'focus', 2012, 'black', true, false, 50.0, 0);
INSERT INTO car (vin, sticker_price, make, model, year, color, is_new, is_sold, min_price, mileage) VALUES (777777, 9000, 'ford', 'mustang', 2003, 'white', true, false, 90.0, 0);
INSERT INTO car (vin, sticker_price, make, model, year, color, is_new, is_sold, min_price, mileage) VALUES (111111, 5000, 'ford', 'bronco', 1977, 'silver', true, false, 70.0, 0);
INSERT INTO car (vin, sticker_price, make, model, year, color, is_new, is_sold, min_price, mileage) VALUES (222222, 20000, 'ford', 'taurus', 2013, 'black', true, false, 50.0, 0);
INSERT INTO car (vin, sticker_price, make, model, year, color, is_new, is_sold, min_price, mileage) VALUES (333333, 18000, 'ford', 'fiesta', 2003, 'white', true, false, 90.0, 0);
INSERT INTO car (vin, sticker_price, make, model, year, color, is_new, is_sold, min_price, mileage) VALUES (444444, 18000, 'ford', 'mustang', 2011, 'silver', true, false, 80.0, 0);
INSERT INTO car (vin, sticker_price, make, model, year, color, is_new, is_sold, min_price, mileage) VALUES (121212, 15000, 'ford', 'focus', 2013, 'black', true, false, 50.0, 0);
INSERT INTO car (vin, sticker_price, make, model, year, color, is_new, is_sold, min_price, mileage) VALUES (232323, 8000, 'ford', 'mustang', 2004, 'white', true, false, 80.0, 0);
INSERT INTO car (vin, sticker_price, make, model, year, color, is_new, is_sold, min_price, mileage) VALUES (343434, 12000, 'ford', 'fusion', 2005, 'silver', true, false, 70.0, 0);
INSERT INTO car (vin, sticker_price, make, model, year, color, is_new, is_sold, min_price, mileage) VALUES (454545, 13000, 'ford', 'focus', 2016, 'black', true, false, 50.0, 0);
INSERT INTO car (vin, sticker_price, make, model, year, color, is_new, is_sold, min_price, mileage) VALUES (565656, 9500, 'ford', 'escape', 2000, 'white', true, false, 70.0, 0);
INSERT INTO car (vin, sticker_price, make, model, year, color, is_new, is_sold, min_price, mileage) VALUES (676767, 12000, 'ford', 'explorer', 2010, 'silver', true, false, 70.0, 0);
INSERT INTO car (vin, sticker_price, make, model, year, color, is_new, is_sold, min_price, mileage) VALUES (787878, 13000, 'ford', 'explorer', 2016, 'black', true, false, 50.0, 0);
INSERT INTO car (vin, sticker_price, make, model, year, color, is_new, is_sold, min_price, mileage) VALUES (898989, 1000, 'ford', 'escape', 2001, 'white', true, false, 60.0, 0);
INSERT INTO car (vin, sticker_price, make, model, year, color, is_new, is_sold, min_price, mileage) VALUES (370036, 17679, 'Ford', 'mustang', 1997, 'red', true, false, 47., 0);
INSERT INTO car (vin, sticker_price, make, model, year, color, is_new, is_sold, min_price, mileage) VALUES (973542, 16482, 'Ford', 'focus', 1997, 'black', true, false, 8.0, 0);
INSERT INTO car (vin, sticker_price, make, model, year, color, is_new, is_sold, min_price, mileage) VALUES (601044, 12885, 'Ford', 'fusion', 1997, 'red', true, false, 25., 0);
INSERT INTO car (vin, sticker_price, make, model, year, color, is_new, is_sold, min_price, mileage) VALUES (247875, 14742, 'Ford', 'taurus', 1997, 'silver', true, false, 30., 0);
INSERT INTO car (vin, sticker_price, make, model, year, color, is_new, is_sold, min_price, mileage) VALUES (372891, 7555, 'Ford', 'mustang', 1998, 'red', true, false, 14., 0);
INSERT INTO car (vin, sticker_price, make, model, year, color, is_new, is_sold, min_price, mileage) VALUES (101823, 10674, 'Ford', 'focus', 1998, 'silver', true, false, 20., 0);
INSERT INTO car (vin, sticker_price, make, model, year, color, is_new, is_sold, min_price, mileage) VALUES (516296, 5110, 'Ford', 'fusion', 1998, 'silver', true, false, 3.0, 0);
INSERT INTO car (vin, sticker_price, make, model, year, color, is_new, is_sold, min_price, mileage) VALUES (841470, 5347, 'Ford', 'taurus', 1998, 'black', true, false, 28., 0);
INSERT INTO car (vin, sticker_price, make, model, year, color, is_new, is_sold, min_price, mileage) VALUES (687154, 8231, 'Ford', 'mustang', 1999, 'silver', true, false, 28., 0);
INSERT INTO car (vin, sticker_price, make, model, year, color, is_new, is_sold, min_price, mileage) VALUES (673179, 6245, 'Ford', 'focus', 1999, 'silver', true, false, 36., 0);
INSERT INTO car (vin, sticker_price, make, model, year, color, is_new, is_sold, min_price, mileage) VALUES (272843, 9951, 'Ford', 'fusion', 1999, 'black', true, false, 46., 0);
INSERT INTO car (vin, sticker_price, make, model, year, color, is_new, is_sold, min_price, mileage) VALUES (364077, 8743, 'Ford', 'taurus', 1999, 'red', true, false, 48., 0);
INSERT INTO car (vin, sticker_price, make, model, year, color, is_new, is_sold, min_price, mileage) VALUES (267965, 19578, 'Ford', 'mustang', 2000, 'silver', true, false, 30., 0);
INSERT INTO car (vin, sticker_price, make, model, year, color, is_new, is_sold, min_price, mileage) VALUES (379619, 7258, 'Ford', 'focus', 2000, 'black', true, false, 45., 0);
INSERT INTO car (vin, sticker_price, make, model, year, color, is_new, is_sold, min_price, mileage) VALUES (389710, 8158, 'Ford', 'fusion', 2000, 'black', true, false, 46., 0);
INSERT INTO car (vin, sticker_price, make, model, year, color, is_new, is_sold, min_price, mileage) VALUES (358634, 6064, 'Ford', 'taurus', 2000, 'red', true, false, 8.0, 0);
INSERT INTO car (vin, sticker_price, make, model, year, color, is_new, is_sold, min_price, mileage) VALUES (911261, 9371, 'Ford', 'mustang', 2001, 'red', true, false, 28., 0);
INSERT INTO car (vin, sticker_price, make, model, year, color, is_new, is_sold, min_price, mileage) VALUES (968291, 9894, 'Ford', 'focus', 2001, 'red', true, false, 14., 0);
INSERT INTO car (vin, sticker_price, make, model, year, color, is_new, is_sold, min_price, mileage) VALUES (926020, 6050, 'Ford', 'fusion', 2001, 'black', true, false, 28., 0);
INSERT INTO car (vin, sticker_price, make, model, year, color, is_new, is_sold, min_price, mileage) VALUES (935855, 9036, 'Ford', 'taurus', 2001, 'black', true, false, 3.0, 0);
INSERT INTO car (vin, sticker_price, make, model, year, color, is_new, is_sold, min_price, mileage) VALUES (569302, 16703, 'Ford', 'mustang', 2002, 'silver', true, false, 27., 0);
INSERT INTO car (vin, sticker_price, make, model, year, color, is_new, is_sold, min_price, mileage) VALUES (557445, 15153, 'Ford', 'focus', 2002, 'silver', true, false, 28., 0);
INSERT INTO car (vin, sticker_price, make, model, year, color, is_new, is_sold, min_price, mileage) VALUES (290527, 12936, 'Ford', 'fusion', 2002, 'red', true, false, 32., 0);
INSERT INTO car (vin, sticker_price, make, model, year, color, is_new, is_sold, min_price, mileage) VALUES (776152, 10913, 'Ford', 'taurus', 2002, 'red', true, false, 43., 0);
INSERT INTO car (vin, sticker_price, make, model, year, color, is_new, is_sold, min_price, mileage) VALUES (100393, 9709, 'Ford', 'mustang', 2003, 'black', true, false, 44., 0);
INSERT INTO car (vin, sticker_price, make, model, year, color, is_new, is_sold, min_price, mileage) VALUES (928339, 15481, 'Ford', 'focus', 2003, 'red', true, false, 32., 0);
INSERT INTO car (vin, sticker_price, make, model, year, color, is_new, is_sold, min_price, mileage) VALUES (951123, 13392, 'Ford', 'fusion', 2003, 'silver', true, false, 49., 0);
INSERT INTO car (vin, sticker_price, make, model, year, color, is_new, is_sold, min_price, mileage) VALUES (225118, 13223, 'Ford', 'taurus', 2003, 'black', true, false, 18., 0);
INSERT INTO car (vin, sticker_price, make, model, year, color, is_new, is_sold, min_price, mileage) VALUES (863865, 14228, 'Ford', 'mustang', 2004, 'red', true, false, 39., 0);
INSERT INTO car (vin, sticker_price, make, model, year, color, is_new, is_sold, min_price, mileage) VALUES (214776, 16780, 'Ford', 'focus', 2004, 'black', true, false, 10., 0);
INSERT INTO car (vin, sticker_price, make, model, year, color, is_new, is_sold, min_price, mileage) VALUES (150865, 6840, 'Ford', 'fusion', 2004, 'black', true, false, 15., 0);
INSERT INTO car (vin, sticker_price, make, model, year, color, is_new, is_sold, min_price, mileage) VALUES (788476, 12979, 'Ford', 'taurus', 2004, 'silver', true, false, 8.0, 0);
INSERT INTO car (vin, sticker_price, make, model, year, color, is_new, is_sold, min_price, mileage) VALUES (300745, 7467, 'Ford', 'mustang', 2005, 'red', true, false, 7.0, 0);
INSERT INTO car (vin, sticker_price, make, model, year, color, is_new, is_sold, min_price, mileage) VALUES (299230, 19497, 'Ford', 'focus', 2005, 'red', true, false, 38., 0);
INSERT INTO car (vin, sticker_price, make, model, year, color, is_new, is_sold, min_price, mileage) VALUES (884748, 10758, 'Ford', 'fusion', 2005, 'silver', true, false, 31., 0);
INSERT INTO car (vin, sticker_price, make, model, year, color, is_new, is_sold, min_price, mileage) VALUES (702029, 15821, 'Ford', 'taurus', 2005, 'black', true, false, 32., 0);
INSERT INTO car (vin, sticker_price, make, model, year, color, is_new, is_sold, min_price, mileage) VALUES (207708, 12295, 'Ford', 'mustang', 2006, 'red', true, false, 25., 0);
INSERT INTO car (vin, sticker_price, make, model, year, color, is_new, is_sold, min_price, mileage) VALUES (928144, 19886, 'Ford', 'focus', 2006, 'red', true, false, 34., 0);
INSERT INTO car (vin, sticker_price, make, model, year, color, is_new, is_sold, min_price, mileage) VALUES (796278, 12466, 'Ford', 'fusion', 2006, 'red', true, false, 41., 0);
INSERT INTO car (vin, sticker_price, make, model, year, color, is_new, is_sold, min_price, mileage) VALUES (246347, 18314, 'Ford', 'taurus', 2006, 'red', true, false, 29., 0);
INSERT INTO car (vin, sticker_price, make, model, year, color, is_new, is_sold, min_price, mileage) VALUES (144435, 7648, 'Ford', 'mustang', 2007, 'black', true, false, 47., 0);
INSERT INTO car (vin, sticker_price, make, model, year, color, is_new, is_sold, min_price, mileage) VALUES (227993, 17259, 'Ford', 'focus', 2007, 'silver', true, false, 23., 0);
INSERT INTO car (vin, sticker_price, make, model, year, color, is_new, is_sold, min_price, mileage) VALUES (673539, 17233, 'Ford', 'fusion', 2007, 'silver', true, false, 18., 0);
INSERT INTO car (vin, sticker_price, make, model, year, color, is_new, is_sold, min_price, mileage) VALUES (701552, 12897, 'Ford', 'taurus', 2007, 'silver', true, false, 34., 0);
INSERT INTO car (vin, sticker_price, make, model, year, color, is_new, is_sold, min_price, mileage) VALUES (914993, 11947, 'Ford', 'mustang', 2008, 'black', true, false, 21., 0);
INSERT INTO car (vin, sticker_price, make, model, year, color, is_new, is_sold, min_price, mileage) VALUES (382178, 10669, 'Ford', 'focus', 2008, 'red', true, false, 1.0, 0);
INSERT INTO car (vin, sticker_price, make, model, year, color, is_new, is_sold, min_price, mileage) VALUES (751300, 19754, 'Ford', 'fusion', 2008, 'silver', true, false, 40., 0);
INSERT INTO car (vin, sticker_price, make, model, year, color, is_new, is_sold, min_price, mileage) VALUES (690232, 16225, 'Ford', 'taurus', 2008, 'red', true, false, 41., 0);
INSERT INTO car (vin, sticker_price, make, model, year, color, is_new, is_sold, min_price, mileage) VALUES (735993, 18736, 'Ford', 'mustang', 2009, 'red', true, false, 44., 0);
INSERT INTO car (vin, sticker_price, make, model, year, color, is_new, is_sold, min_price, mileage) VALUES (853815, 13210, 'Ford', 'focus', 2009, 'silver', true, false, 35., 0);
INSERT INTO car (vin, sticker_price, make, model, year, color, is_new, is_sold, min_price, mileage) VALUES (233132, 13556, 'Ford', 'fusion', 2009, 'silver', true, false, 17., 0);
INSERT INTO car (vin, sticker_price, make, model, year, color, is_new, is_sold, min_price, mileage) VALUES (678364, 7432, 'Ford', 'taurus', 2009, 'silver', true, false, 49., 0);
INSERT INTO car (vin, sticker_price, make, model, year, color, is_new, is_sold, min_price, mileage) VALUES (221134, 9612, 'Ford', 'mustang', 2010, 'red', true, false, 24., 0);
INSERT INTO car (vin, sticker_price, make, model, year, color, is_new, is_sold, min_price, mileage) VALUES (205345, 11242, 'Ford', 'focus', 2010, 'red', true, false, 10., 0);
INSERT INTO car (vin, sticker_price, make, model, year, color, is_new, is_sold, min_price, mileage) VALUES (367437, 8829, 'Ford', 'fusion', 2010, 'silver', true, false, 38., 0);
INSERT INTO car (vin, sticker_price, make, model, year, color, is_new, is_sold, min_price, mileage) VALUES (336696, 16045, 'Ford', 'taurus', 2010, 'black', true, false, 5.0, 0);
INSERT INTO car (vin, sticker_price, make, model, year, color, is_new, is_sold, min_price, mileage) VALUES (154961, 11831, 'Ford', 'mustang', 2011, 'red', true, false, 1.0, 0);
INSERT INTO car (vin, sticker_price, make, model, year, color, is_new, is_sold, min_price, mileage) VALUES (996588, 6492, 'Ford', 'focus', 2011, 'silver', true, false, 7.0, 0);
INSERT INTO car (vin, sticker_price, make, model, year, color, is_new, is_sold, min_price, mileage) VALUES (286010, 18859, 'Ford', 'fusion', 2011, 'red', true, false, 42., 0);
INSERT INTO car (vin, sticker_price, make, model, year, color, is_new, is_sold, min_price, mileage) VALUES (681829, 12222, 'Ford', 'taurus', 2011, 'silver', true, false, 36., 0);
INSERT INTO car (vin, sticker_price, make, model, year, color, is_new, is_sold, min_price, mileage) VALUES (963749, 10598, 'Ford', 'mustang', 2012, 'black', true, false, 16., 0);
INSERT INTO car (vin, sticker_price, make, model, year, color, is_new, is_sold, min_price, mileage) VALUES (133858, 13292, 'Ford', 'focus', 2012, 'red', true, false, 38., 0);
INSERT INTO car (vin, sticker_price, make, model, year, color, is_new, is_sold, min_price, mileage) VALUES (193446, 10077, 'Ford', 'fusion', 2012, 'red', true, false, 36., 0);
INSERT INTO car (vin, sticker_price, make, model, year, color, is_new, is_sold, min_price, mileage) VALUES (284670, 13577, 'Ford', 'taurus', 2012, 'black', true, false, 8.0, 0);
INSERT INTO car (vin, sticker_price, make, model, year, color, is_new, is_sold, min_price, mileage) VALUES (792493, 12545, 'Ford', 'mustang', 2013, 'silver', true, false, 29., 0);
INSERT INTO car (vin, sticker_price, make, model, year, color, is_new, is_sold, min_price, mileage) VALUES (593581, 5074, 'Ford', 'focus', 2013, 'black', true, false, 36., 0);
INSERT INTO car (vin, sticker_price, make, model, year, color, is_new, is_sold, min_price, mileage) VALUES (110659, 12186, 'Ford', 'fusion', 2013, 'silver', true, false, 26., 0);
INSERT INTO car (vin, sticker_price, make, model, year, color, is_new, is_sold, min_price, mileage) VALUES (458269, 19982, 'Ford', 'taurus', 2013, 'silver', true, false, 46., 0);
INSERT INTO car (vin, sticker_price, make, model, year, color, is_new, is_sold, min_price, mileage) VALUES (823275, 6005, 'Ford', 'mustang', 2014, 'black', true, false, 30., 0);
INSERT INTO car (vin, sticker_price, make, model, year, color, is_new, is_sold, min_price, mileage) VALUES (583928, 6733, 'Ford', 'focus', 2014, 'black', true, false, 13., 0);
INSERT INTO car (vin, sticker_price, make, model, year, color, is_new, is_sold, min_price, mileage) VALUES (849827, 16688, 'Ford', 'fusion', 2014, 'silver', true, false, 2.0, 0);
INSERT INTO car (vin, sticker_price, make, model, year, color, is_new, is_sold, min_price, mileage) VALUES (758302, 9714, 'Ford', 'taurus', 2014, 'red', true, false, 18., 0);
INSERT INTO car (vin, sticker_price, make, model, year, color, is_new, is_sold, min_price, mileage) VALUES (971362, 7098, 'Ford', 'mustang', 2015, 'black', true, false, 34., 0);
INSERT INTO car (vin, sticker_price, make, model, year, color, is_new, is_sold, min_price, mileage) VALUES (964429, 8275, 'Ford', 'focus', 2015, 'black', true, false, 27., 0);
INSERT INTO car (vin, sticker_price, make, model, year, color, is_new, is_sold, min_price, mileage) VALUES (300441, 6566, 'Ford', 'fusion', 2015, 'black', true, false, 23., 0);
INSERT INTO car (vin, sticker_price, make, model, year, color, is_new, is_sold, min_price, mileage) VALUES (526138, 13701, 'Ford', 'taurus', 2015, 'black', true, false, 42., 0);
INSERT INTO car (vin, sticker_price, make, model, year, color, is_new, is_sold, min_price, mileage) VALUES (330452, 15950, 'Ford', 'mustang', 2016, 'silver', true, false, 4.0, 0);
INSERT INTO car (vin, sticker_price, make, model, year, color, is_new, is_sold, min_price, mileage) VALUES (154071, 18482, 'Ford', 'focus', 2016, 'red', true, false, 39., 0);
INSERT INTO car (vin, sticker_price, make, model, year, color, is_new, is_sold, min_price, mileage) VALUES (180184, 11721, 'Ford', 'fusion', 2016, 'red', true, false, 1.0, 0);
INSERT INTO car (vin, sticker_price, make, model, year, color, is_new, is_sold, min_price, mileage) VALUES (824429, 13988, 'Ford', 'taurus', 2016, 'red', true, false, 43., 0);
INSERT INTO trade_in (vin, mileage, condition, value) VALUES (222222, 25000, 'good', 5000);
INSERT INTO trade_in (vin, mileage, condition, value) VALUES (333333, 50000, 'good', 5000);
INSERT INTO trade_in (vin, mileage, condition, value) VALUES (555555, 5000, 'excellent', 6000);
INSERT INTO trade_in (vin, mileage, condition, value) VALUES (121212, 10000, 'fair', 5000);
INSERT INTO financing (amount, type, name, addr) VALUES (15000, 'bank', 'bank of america', '123 Fake St.');
INSERT INTO financing (amount, type, name, addr) VALUES (4000, 'dealership', 'friendly', '543 False Ave.');
INSERT INTO financing (amount, type, name, addr) VALUES (20000, 'dealership', 'friendly', '543 False Ave.');
INSERT INTO financing (amount, type, name, addr) VALUES (11000, 'bank', 'citi bank', '822 Fiction Ct.');
INSERT INTO financing (amount, type, name, addr) VALUES (15000, 'bank', 'citi bank', '822 Fiction Ct.');
INSERT INTO financing (amount, type, name, addr) VALUES (6000, 'bank', 'bank of america', '123 Fake St.');
INSERT INTO financing (amount, type, name, addr) VALUES (13000, 'manufacture', 'ford', '235 Merry Ave.');
INSERT INTO financing (amount, type, name, addr) VALUES (4500, 'manufacture', 'ford', '235 Merry Ave.');
INSERT INTO financing (amount, type, name, addr) VALUES (8000, 'dealership', 'friendly', '543 False Ave.');
INSERT INTO payment (amount, trade_id, fin_id) VALUES (10000, null, null);
INSERT INTO payment (amount, trade_id, fin_id) VALUES (15000, null, 1);
INSERT INTO payment (amount, trade_id, fin_id) VALUES (9000, 1, 2);
INSERT INTO payment (amount, trade_id, fin_id) VALUES (5000, null, null);
INSERT INTO payment (amount, trade_id, fin_id) VALUES (20000, null, 3);
INSERT INTO payment (amount, trade_id, fin_id) VALUES (18000, 2, 4);
INSERT INTO payment (amount, trade_id, fin_id) VALUES (18000, null, null);
INSERT INTO payment (amount, trade_id, fin_id) VALUES (15000, null, 5);
INSERT INTO payment (amount, trade_id, fin_id) VALUES (8000, null, null);
INSERT INTO payment (amount, trade_id, fin_id) VALUES (12000, 3, 6);
INSERT INTO payment (amount, trade_id, fin_id) VALUES (13000, null, 7);
INSERT INTO payment (amount, trade_id, fin_id) VALUES (9500, 4, 8);
INSERT INTO payment (amount, trade_id, fin_id) VALUES (12000, null, null);
INSERT INTO payment (amount, trade_id, fin_id) VALUES (13000, null, 9);
INSERT INTO payment (amount, trade_id, fin_id) VALUES (1000, null, null);
INSERT INTO sale (is_approved, price, date, emp_requested, tax_rate, license_fee, cus_id, vin, emp_id, payment_id, warranty_id) VALUES (false, 10000, '01/01/2017', false, 0.05, 204, 2, 555555, 3, 1, 1);
INSERT INTO has_customization (sale_id, custom_id) VALUES (1, 1);
INSERT INTO has_customization (sale_id, custom_id) VALUES (1, 3);
INSERT INTO sale (is_approved, price, date, emp_requested, tax_rate, license_fee, cus_id, vin, emp_id, payment_id, warranty_id) VALUES (false, 15000, '01/01/2017', true, 0.05, 91, 2, 666666, 1, 2, 1);
INSERT INTO has_customization (sale_id, custom_id) VALUES (2, 1);
INSERT INTO has_customization (sale_id, custom_id) VALUES (2, 4);
INSERT INTO sale (is_approved, price, date, emp_requested, tax_rate, license_fee, cus_id, vin, emp_id, payment_id, warranty_id) VALUES (false, 9000, '01/01/2017', false, 0.05, 228, 2, 777777, 8, 3, 1);
INSERT INTO has_customization (sale_id, custom_id) VALUES (3, 1);
INSERT INTO has_customization (sale_id, custom_id) VALUES (3, 2);
INSERT INTO has_customization (sale_id, custom_id) VALUES (3, 3);
INSERT INTO has_customization (sale_id, custom_id) VALUES (3, 4);
INSERT INTO sale (is_approved, price, date, emp_requested, tax_rate, license_fee, cus_id, vin, emp_id, payment_id, warranty_id) VALUES (false, 5000, '01/01/2017', true, 0.05, 237, 3, 111111, 3, 4, 2);
INSERT INTO has_customization (sale_id, custom_id) VALUES (4, 2);
INSERT INTO has_customization (sale_id, custom_id) VALUES (4, 4);
INSERT INTO sale (is_approved, price, date, emp_requested, tax_rate, license_fee, cus_id, vin, emp_id, payment_id, warranty_id) VALUES (false, 20000, '01/01/2017', true, 0.05, 40, 1, 222222, 2, 5, 2);
INSERT INTO has_customization (sale_id, custom_id) VALUES (5, 3);
INSERT INTO has_customization (sale_id, custom_id) VALUES (5, 4);
INSERT INTO sale (is_approved, price, date, emp_requested, tax_rate, license_fee, cus_id, vin, emp_id, payment_id, warranty_id) VALUES (false, 18000, '01/01/2017', false, 0.05, 131, 3, 333333, 8, 6, 2);
INSERT INTO has_customization (sale_id, custom_id) VALUES (6, 1);
INSERT INTO has_customization (sale_id, custom_id) VALUES (6, 2);
INSERT INTO sale (is_approved, price, date, emp_requested, tax_rate, license_fee, cus_id, vin, emp_id, payment_id, warranty_id) VALUES (false, 18000, '01/01/2017', true, 0.05, 260, 1, 444444, 5, 7, 2);
INSERT INTO has_customization (sale_id, custom_id) VALUES (7, 1);
INSERT INTO has_customization (sale_id, custom_id) VALUES (7, 2);
INSERT INTO has_customization (sale_id, custom_id) VALUES (7, 3);
INSERT INTO has_customization (sale_id, custom_id) VALUES (7, 4);
INSERT INTO sale (is_approved, price, date, emp_requested, tax_rate, license_fee, cus_id, vin, emp_id, payment_id, warranty_id) VALUES (false, 15000, '01/01/2017', true, 0.05, 110, 3, 121212, 6, 8, 1);
INSERT INTO has_customization (sale_id, custom_id) VALUES (8, 4);
INSERT INTO sale (is_approved, price, date, emp_requested, tax_rate, license_fee, cus_id, vin, emp_id, payment_id, warranty_id) VALUES (false, 8000, '01/01/2017', false, 0.05, 178, 4, 232323, 8, 9, 1);
INSERT INTO sale (is_approved, price, date, emp_requested, tax_rate, license_fee, cus_id, vin, emp_id, payment_id, warranty_id) VALUES (false, 12000, '01/01/2017', false, 0.05, 67, 4, 343434, 8, 10, 1);
INSERT INTO has_customization (sale_id, custom_id) VALUES (10, 2);
INSERT INTO has_customization (sale_id, custom_id) VALUES (10, 3);
INSERT INTO sale (is_approved, price, date, emp_requested, tax_rate, license_fee, cus_id, vin, emp_id, payment_id, warranty_id) VALUES (false, 13000, '01/01/2017', true, 0.05, 194, 1, 454545, 3, 11, 1);
INSERT INTO has_customization (sale_id, custom_id) VALUES (11, 1);
INSERT INTO has_customization (sale_id, custom_id) VALUES (11, 2);
INSERT INTO has_customization (sale_id, custom_id) VALUES (11, 3);
INSERT INTO sale (is_approved, price, date, emp_requested, tax_rate, license_fee, cus_id, vin, emp_id, payment_id, warranty_id) VALUES (false, 9500, '01/01/2017', true, 0.05, 98, 4, 565656, 2, 12, 2);
INSERT INTO has_customization (sale_id, custom_id) VALUES (12, 3);
INSERT INTO has_customization (sale_id, custom_id) VALUES (12, 4);
INSERT INTO sale (is_approved, price, date, emp_requested, tax_rate, license_fee, cus_id, vin, emp_id, payment_id, warranty_id) VALUES (false, 12000, '01/01/2017', true, 0.05, 216, 3, 676767, 4, 13, 1);
INSERT INTO has_customization (sale_id, custom_id) VALUES (13, 1);
INSERT INTO has_customization (sale_id, custom_id) VALUES (13, 3);
INSERT INTO sale (is_approved, price, date, emp_requested, tax_rate, license_fee, cus_id, vin, emp_id, payment_id, warranty_id) VALUES (false, 13000, '01/01/2017', true, 0.05, 148, 4, 787878, 9, 14, 1);
INSERT INTO has_customization (sale_id, custom_id) VALUES (14, 1);
INSERT INTO has_customization (sale_id, custom_id) VALUES (14, 2);
INSERT INTO sale (is_approved, price, date, emp_requested, tax_rate, license_fee, cus_id, vin, emp_id, payment_id, warranty_id) VALUES (false, 1000, '01/01/2017', false, 0.05, 180, 3, 898989, 4, 15, 1);
INSERT INTO has_customization (sale_id, custom_id) VALUES (15, 2);
INSERT INTO has_customization (sale_id, custom_id) VALUES (15, 3);
INSERT INTO has_customization (sale_id, custom_id) VALUES (15, 4);
INSERT INTO has_features (vin, feat_id) VALUES (370036, 0);
INSERT INTO has_features (vin, feat_id) VALUES (370036, 4);
INSERT INTO has_features (vin, feat_id) VALUES (973542, 2);
INSERT INTO has_features (vin, feat_id) VALUES (601044, 2);
INSERT INTO has_features (vin, feat_id) VALUES (601044, 3);
INSERT INTO has_features (vin, feat_id) VALUES (247875, 1);
INSERT INTO has_features (vin, feat_id) VALUES (247875, 2);
INSERT INTO has_features (vin, feat_id) VALUES (247875, 3);
INSERT INTO has_features (vin, feat_id) VALUES (247875, 4);
INSERT INTO has_features (vin, feat_id) VALUES (372891, 0);
INSERT INTO has_features (vin, feat_id) VALUES (372891, 2);
INSERT INTO has_features (vin, feat_id) VALUES (372891, 3);
INSERT INTO has_features (vin, feat_id) VALUES (101823, 1);
INSERT INTO has_features (vin, feat_id) VALUES (101823, 2);
INSERT INTO has_features (vin, feat_id) VALUES (101823, 3);
INSERT INTO has_features (vin, feat_id) VALUES (101823, 4);
INSERT INTO has_features (vin, feat_id) VALUES (516296, 0);
INSERT INTO has_features (vin, feat_id) VALUES (516296, 3);
INSERT INTO has_features (vin, feat_id) VALUES (516296, 4);
INSERT INTO has_features (vin, feat_id) VALUES (841470, 2);
INSERT INTO has_features (vin, feat_id) VALUES (841470, 4);
INSERT INTO has_features (vin, feat_id) VALUES (687154, 0);
INSERT INTO has_features (vin, feat_id) VALUES (687154, 1);
INSERT INTO has_features (vin, feat_id) VALUES (687154, 2);
INSERT INTO has_features (vin, feat_id) VALUES (687154, 3);
INSERT INTO has_features (vin, feat_id) VALUES (673179, 0);
INSERT INTO has_features (vin, feat_id) VALUES (673179, 1);
INSERT INTO has_features (vin, feat_id) VALUES (673179, 2);
INSERT INTO has_features (vin, feat_id) VALUES (673179, 3);
INSERT INTO has_features (vin, feat_id) VALUES (673179, 4);
INSERT INTO has_features (vin, feat_id) VALUES (272843, 0);
INSERT INTO has_features (vin, feat_id) VALUES (272843, 1);
INSERT INTO has_features (vin, feat_id) VALUES (272843, 2);
INSERT INTO has_features (vin, feat_id) VALUES (272843, 4);
INSERT INTO has_features (vin, feat_id) VALUES (364077, 1);
INSERT INTO has_features (vin, feat_id) VALUES (364077, 4);
INSERT INTO has_features (vin, feat_id) VALUES (267965, 0);
INSERT INTO has_features (vin, feat_id) VALUES (267965, 1);
INSERT INTO has_features (vin, feat_id) VALUES (267965, 2);
INSERT INTO has_features (vin, feat_id) VALUES (379619, 2);
INSERT INTO has_features (vin, feat_id) VALUES (389710, 1);
INSERT INTO has_features (vin, feat_id) VALUES (389710, 2);
INSERT INTO has_features (vin, feat_id) VALUES (389710, 3);
INSERT INTO has_features (vin, feat_id) VALUES (389710, 4);
INSERT INTO has_features (vin, feat_id) VALUES (358634, 0);
INSERT INTO has_features (vin, feat_id) VALUES (358634, 1);
INSERT INTO has_features (vin, feat_id) VALUES (358634, 2);
INSERT INTO has_features (vin, feat_id) VALUES (358634, 4);
INSERT INTO has_features (vin, feat_id) VALUES (911261, 3);
INSERT INTO has_features (vin, feat_id) VALUES (911261, 4);
INSERT INTO has_features (vin, feat_id) VALUES (968291, 0);
INSERT INTO has_features (vin, feat_id) VALUES (968291, 2);
INSERT INTO has_features (vin, feat_id) VALUES (968291, 3);
INSERT INTO has_features (vin, feat_id) VALUES (926020, 0);
INSERT INTO has_features (vin, feat_id) VALUES (926020, 1);
INSERT INTO has_features (vin, feat_id) VALUES (926020, 2);
INSERT INTO has_features (vin, feat_id) VALUES (935855, 0);
INSERT INTO has_features (vin, feat_id) VALUES (569302, 0);
INSERT INTO has_features (vin, feat_id) VALUES (569302, 1);
INSERT INTO has_features (vin, feat_id) VALUES (569302, 3);
INSERT INTO has_features (vin, feat_id) VALUES (557445, 3);
INSERT INTO has_features (vin, feat_id) VALUES (290527, 1);
INSERT INTO has_features (vin, feat_id) VALUES (290527, 3);
INSERT INTO has_features (vin, feat_id) VALUES (776152, 0);
INSERT INTO has_features (vin, feat_id) VALUES (776152, 1);
INSERT INTO has_features (vin, feat_id) VALUES (776152, 4);
INSERT INTO has_features (vin, feat_id) VALUES (100393, 1);
INSERT INTO has_features (vin, feat_id) VALUES (100393, 4);
INSERT INTO has_features (vin, feat_id) VALUES (928339, 0);
INSERT INTO has_features (vin, feat_id) VALUES (928339, 1);
INSERT INTO has_features (vin, feat_id) VALUES (928339, 3);
INSERT INTO has_features (vin, feat_id) VALUES (951123, 0);
INSERT INTO has_features (vin, feat_id) VALUES (951123, 1);
INSERT INTO has_features (vin, feat_id) VALUES (951123, 3);
INSERT INTO has_features (vin, feat_id) VALUES (225118, 1);
INSERT INTO has_features (vin, feat_id) VALUES (225118, 2);
INSERT INTO has_features (vin, feat_id) VALUES (225118, 4);
INSERT INTO has_features (vin, feat_id) VALUES (863865, 0);
INSERT INTO has_features (vin, feat_id) VALUES (863865, 2);
INSERT INTO has_features (vin, feat_id) VALUES (863865, 3);
INSERT INTO has_features (vin, feat_id) VALUES (863865, 4);
INSERT INTO has_features (vin, feat_id) VALUES (214776, 3);
INSERT INTO has_features (vin, feat_id) VALUES (214776, 4);
INSERT INTO has_features (vin, feat_id) VALUES (150865, 1);
INSERT INTO has_features (vin, feat_id) VALUES (150865, 3);
INSERT INTO has_features (vin, feat_id) VALUES (150865, 4);
INSERT INTO has_features (vin, feat_id) VALUES (788476, 1);
INSERT INTO has_features (vin, feat_id) VALUES (788476, 3);
INSERT INTO has_features (vin, feat_id) VALUES (788476, 4);
INSERT INTO has_features (vin, feat_id) VALUES (300745, 0);
INSERT INTO has_features (vin, feat_id) VALUES (300745, 1);
INSERT INTO has_features (vin, feat_id) VALUES (300745, 2);
INSERT INTO has_features (vin, feat_id) VALUES (300745, 3);
INSERT INTO has_features (vin, feat_id) VALUES (300745, 4);
INSERT INTO has_features (vin, feat_id) VALUES (299230, 0);
INSERT INTO has_features (vin, feat_id) VALUES (299230, 1);
INSERT INTO has_features (vin, feat_id) VALUES (299230, 2);
INSERT INTO has_features (vin, feat_id) VALUES (299230, 4);
INSERT INTO has_features (vin, feat_id) VALUES (884748, 1);
INSERT INTO has_features (vin, feat_id) VALUES (884748, 2);
INSERT INTO has_features (vin, feat_id) VALUES (884748, 3);
INSERT INTO has_features (vin, feat_id) VALUES (884748, 4);
INSERT INTO has_features (vin, feat_id) VALUES (702029, 1);
INSERT INTO has_features (vin, feat_id) VALUES (702029, 2);
INSERT INTO has_features (vin, feat_id) VALUES (702029, 3);
INSERT INTO has_features (vin, feat_id) VALUES (207708, 0);
INSERT INTO has_features (vin, feat_id) VALUES (207708, 3);
INSERT INTO has_features (vin, feat_id) VALUES (207708, 4);
INSERT INTO has_features (vin, feat_id) VALUES (928144, 3);
INSERT INTO has_features (vin, feat_id) VALUES (796278, 1);
INSERT INTO has_features (vin, feat_id) VALUES (246347, 0);
INSERT INTO has_features (vin, feat_id) VALUES (246347, 1);
INSERT INTO has_features (vin, feat_id) VALUES (246347, 2);
INSERT INTO has_features (vin, feat_id) VALUES (246347, 3);
INSERT INTO has_features (vin, feat_id) VALUES (144435, 0);
INSERT INTO has_features (vin, feat_id) VALUES (144435, 2);
INSERT INTO has_features (vin, feat_id) VALUES (144435, 3);
INSERT INTO has_features (vin, feat_id) VALUES (144435, 4);
INSERT INTO has_features (vin, feat_id) VALUES (227993, 3);
INSERT INTO has_features (vin, feat_id) VALUES (673539, 0);
INSERT INTO has_features (vin, feat_id) VALUES (673539, 2);
INSERT INTO has_features (vin, feat_id) VALUES (673539, 3);
INSERT INTO has_features (vin, feat_id) VALUES (673539, 4);
INSERT INTO has_features (vin, feat_id) VALUES (701552, 0);
INSERT INTO has_features (vin, feat_id) VALUES (701552, 1);
INSERT INTO has_features (vin, feat_id) VALUES (701552, 2);
INSERT INTO has_features (vin, feat_id) VALUES (701552, 3);
INSERT INTO has_features (vin, feat_id) VALUES (382178, 2);
INSERT INTO has_features (vin, feat_id) VALUES (382178, 4);
INSERT INTO has_features (vin, feat_id) VALUES (751300, 0);
INSERT INTO has_features (vin, feat_id) VALUES (751300, 1);
INSERT INTO has_features (vin, feat_id) VALUES (751300, 2);
INSERT INTO has_features (vin, feat_id) VALUES (690232, 0);
INSERT INTO has_features (vin, feat_id) VALUES (735993, 1);
INSERT INTO has_features (vin, feat_id) VALUES (735993, 2);
INSERT INTO has_features (vin, feat_id) VALUES (735993, 3);
INSERT INTO has_features (vin, feat_id) VALUES (735993, 4);
INSERT INTO has_features (vin, feat_id) VALUES (853815, 0);
INSERT INTO has_features (vin, feat_id) VALUES (853815, 1);
INSERT INTO has_features (vin, feat_id) VALUES (853815, 4);
INSERT INTO has_features (vin, feat_id) VALUES (233132, 0);
INSERT INTO has_features (vin, feat_id) VALUES (233132, 3);
INSERT INTO has_features (vin, feat_id) VALUES (678364, 1);
INSERT INTO has_features (vin, feat_id) VALUES (678364, 2);
INSERT INTO has_features (vin, feat_id) VALUES (678364, 4);
INSERT INTO has_features (vin, feat_id) VALUES (205345, 2);
INSERT INTO has_features (vin, feat_id) VALUES (205345, 3);
INSERT INTO has_features (vin, feat_id) VALUES (205345, 4);
INSERT INTO has_features (vin, feat_id) VALUES (367437, 0);
INSERT INTO has_features (vin, feat_id) VALUES (367437, 3);
INSERT INTO has_features (vin, feat_id) VALUES (336696, 0);
INSERT INTO has_features (vin, feat_id) VALUES (336696, 1);
INSERT INTO has_features (vin, feat_id) VALUES (336696, 3);
INSERT INTO has_features (vin, feat_id) VALUES (154961, 1);
INSERT INTO has_features (vin, feat_id) VALUES (996588, 0);
INSERT INTO has_features (vin, feat_id) VALUES (996588, 1);
INSERT INTO has_features (vin, feat_id) VALUES (996588, 3);
INSERT INTO has_features (vin, feat_id) VALUES (996588, 4);
INSERT INTO has_features (vin, feat_id) VALUES (286010, 0);
INSERT INTO has_features (vin, feat_id) VALUES (286010, 3);
INSERT INTO has_features (vin, feat_id) VALUES (286010, 4);
INSERT INTO has_features (vin, feat_id) VALUES (681829, 1);
INSERT INTO has_features (vin, feat_id) VALUES (681829, 2);
INSERT INTO has_features (vin, feat_id) VALUES (963749, 0);
INSERT INTO has_features (vin, feat_id) VALUES (963749, 1);
INSERT INTO has_features (vin, feat_id) VALUES (963749, 2);
INSERT INTO has_features (vin, feat_id) VALUES (963749, 3);
INSERT INTO has_features (vin, feat_id) VALUES (133858, 1);
INSERT INTO has_features (vin, feat_id) VALUES (133858, 4);
INSERT INTO has_features (vin, feat_id) VALUES (193446, 0);
INSERT INTO has_features (vin, feat_id) VALUES (193446, 2);
INSERT INTO has_features (vin, feat_id) VALUES (193446, 3);
INSERT INTO has_features (vin, feat_id) VALUES (284670, 1);
INSERT INTO has_features (vin, feat_id) VALUES (284670, 2);
INSERT INTO has_features (vin, feat_id) VALUES (284670, 3);
INSERT INTO has_features (vin, feat_id) VALUES (792493, 0);
INSERT INTO has_features (vin, feat_id) VALUES (792493, 3);
INSERT INTO has_features (vin, feat_id) VALUES (593581, 0);
INSERT INTO has_features (vin, feat_id) VALUES (593581, 2);
INSERT INTO has_features (vin, feat_id) VALUES (593581, 4);
INSERT INTO has_features (vin, feat_id) VALUES (458269, 0);
INSERT INTO has_features (vin, feat_id) VALUES (458269, 1);
INSERT INTO has_features (vin, feat_id) VALUES (458269, 3);
INSERT INTO has_features (vin, feat_id) VALUES (458269, 4);
INSERT INTO has_features (vin, feat_id) VALUES (823275, 0);
INSERT INTO has_features (vin, feat_id) VALUES (823275, 1);
INSERT INTO has_features (vin, feat_id) VALUES (823275, 2);
INSERT INTO has_features (vin, feat_id) VALUES (823275, 3);
INSERT INTO has_features (vin, feat_id) VALUES (823275, 4);
INSERT INTO has_features (vin, feat_id) VALUES (583928, 0);
INSERT INTO has_features (vin, feat_id) VALUES (583928, 3);
INSERT INTO has_features (vin, feat_id) VALUES (583928, 4);
INSERT INTO has_features (vin, feat_id) VALUES (849827, 0);
INSERT INTO has_features (vin, feat_id) VALUES (849827, 1);
INSERT INTO has_features (vin, feat_id) VALUES (849827, 3);
INSERT INTO has_features (vin, feat_id) VALUES (849827, 4);
INSERT INTO has_features (vin, feat_id) VALUES (758302, 0);
INSERT INTO has_features (vin, feat_id) VALUES (758302, 1);
INSERT INTO has_features (vin, feat_id) VALUES (971362, 0);
INSERT INTO has_features (vin, feat_id) VALUES (971362, 1);
INSERT INTO has_features (vin, feat_id) VALUES (971362, 2);
INSERT INTO has_features (vin, feat_id) VALUES (971362, 4);
INSERT INTO has_features (vin, feat_id) VALUES (964429, 0);
INSERT INTO has_features (vin, feat_id) VALUES (964429, 2);
INSERT INTO has_features (vin, feat_id) VALUES (964429, 4);
INSERT INTO has_features (vin, feat_id) VALUES (300441, 1);
INSERT INTO has_features (vin, feat_id) VALUES (526138, 3);
INSERT INTO has_features (vin, feat_id) VALUES (526138, 4);
INSERT INTO has_features (vin, feat_id) VALUES (330452, 0);
INSERT INTO has_features (vin, feat_id) VALUES (330452, 2);
INSERT INTO has_features (vin, feat_id) VALUES (330452, 3);
INSERT INTO has_features (vin, feat_id) VALUES (330452, 4);
INSERT INTO has_features (vin, feat_id) VALUES (154071, 0);
INSERT INTO has_features (vin, feat_id) VALUES (154071, 1);
INSERT INTO has_features (vin, feat_id) VALUES (154071, 3);
INSERT INTO has_features (vin, feat_id) VALUES (180184, 1);
INSERT INTO has_features (vin, feat_id) VALUES (180184, 2);
INSERT INTO has_features (vin, feat_id) VALUES (180184, 4);
create or replace function calculate_profits(id int) returns money as $$ BEGIN return (SELEct sum(PRICE) FROM SALE WHERE EMP_ID = ID) * (SElect commission from employee where emp_id = id) / 100; END; $$ language plpgsql;
