DROP TABLE IF EXISTS customization_options CASCADE; 
CREATE TABLE customization_options ( custom_id serial NOT NULL PRIMARY KEY, custom_name character varying(70) NOT NULL, cost money NOT NULL );
DROP TABLE IF EXISTS features CASCADE; 
CREATE TABLE features ( feat_id serial NOT NULL PRIMARY KEY, feat_name character varying(70) NOT NULL );
DROP TABLE IF EXISTS customer CASCADE; 
CREATE TABLE customer ( cus_id serial NOT NULL PRIMARY KEY, name character varying(70) NOT NULL, ref_type character varying(70) NOT NULL, ref_origin character varying(70) NOT NULL );
DROP TABLE IF EXISTS employee CASCADE; 
CREATE TABLE employee ( emp_id serial NOT NULL PRIMARY KEY, emp_name character varying(70) NOT NULL, commission numeric(5,2) NOT NULL, CONSTRAINT value_is_percentage CHECK (((commission >= (0)::numeric) AND (commission < (100)::numeric) )) );
DROP TABLE IF EXISTS car CASCADE; 
CREATE TABLE car ( vin integer NOT NULL PRIMARY KEY, sticker_price money NOT NULL, make character varying(70) NOT NULL, model character varying(70) NOT NULL, year integer NOT NULL, color character varying(70) NOT NULL, is_new boolean NOT NULL, is_sold boolean NOT NULL, min_price numeric(5,2) NOT NULL, mileage integer NOT NULL );
DROP TABLE IF EXISTS trade_in CASCADE; 
CREATE TABLE trade_in ( trade_id serial NOT NULL PRIMARY KEY, vin integer NOT NULL REFERENCES car(vin), mileage integer NOT NULL, condition character varying(250) NOT NULL, value money NOT NULL );
DROP TABLE IF EXISTS financing CASCADE; 
CREATE TABLE financing ( fin_id serial NOT NULL PRIMARY KEY, amount money NOT NULL, type character varying(250) NOT NULL, name character varying(70) NOT NULL, addr character varying(100) NOT NULL );
DROP TABLE IF EXISTS payment CASCADE; 
CREATE TABLE payment ( payment_id serial NOT NULL PRIMARY KEY, amount money NOT NULL, trade_id integer REFERENCES trade_in(trade_id) ON DELETE CASCADE, fin_id integer REFERENCES financing(fin_id) ON DELETE CASCADE );
DROP TABLE IF EXISTS warranty CASCADE; 
CREATE TABLE warranty ( warranty_id serial NOT NULL PRIMARY KEY, type character varying(70) NOT NULL, cost money NOT NULL, duration integer NOT NULL, miles integer NOT NULL );
DROP TABLE IF EXISTS sale CASCADE; 
CREATE TABLE sale ( sale_id serial NOT NULL PRIMARY KEY, is_approved boolean NOT NULL, price money NOT NULL, date date NOT NULL, emp_requested boolean NOT NULL, tax_rate numeric(5,2) NOT NULL, license_fee money NOT NULL, cus_id integer NOT NULL REFERENCES customer(cus_id) ON DELETE CASCADE, vin integer NOT NULL REFERENCES car(vin) ON DELETE CASCADE, emp_id integer NOT NULL REFERENCES employee(emp_id) ON DELETE CASCADE, payment_id integer NOT NULL REFERENCES payment(payment_id) ON DELETE CASCADE, warranty_id integer NOT NULL REFERENCES warranty(warranty_id) ON DELETE CASCADE, CONSTRAINT value_is_percentage CHECK (((tax_rate >= (0)::numeric) AND (tax_rate < (100)::numeric) )) );
DROP TABLE IF EXISTS has_features CASCADE; 
CREATE TABLE has_features ( feat_id integer NOT NULL REFERENCES features(feat_id) ON DELETE CASCADE, vin integer NOT NULL REFERENCES car(vin) ON DELETE CASCADE, PRIMARY KEY(feat_id, vin) );
DROP TABLE IF EXISTS has_customization CASCADE; 
CREATE TABLE has_customization ( custom_id integer NOT NULL REFERENCES customization_options(custom_id) ON DELETE CASCADE, sale_id integer NOT NULL REFERENCES sale(sale_id) ON DELETE CASCADE, PRIMARY KEY(custom_id, sale_id) );
CREATE VIEW all_new_cars_with_ac_and_heated_seats AS  SELECT * FROM car WHERE car.vin in (  SELECT car.vin FROM car, has_features, features  WHERE is_new = TRUE AND is_sold = FALSE AND  has_features.vin = car.vin AND  features.feat_id = has_features.feat_id AND  features.feat_name in ('Heated Seats','AC')  GROUP BY car.vin HAVING count(*) = 2);
create or replace function trade_in_vin_new_or_not() returns trigger as $BODY$ begin if(new.vin = (select vin from car where new.vin = vin)) then update car set is_sold = false, is_new = false, mileage = new.mileage where vin = new.vin; else insert into car(vin, sticker_price, make, model, year, color, is_new, is_sold, min_price, mileage) values (NEW.vin, 5000, 'Toyota', 'Camry', 1997, 'Grey', false, false, 10, new.mileage); end if; return new; end $BODY$ language plpgsql;
create or replace function update_car_on_sale() returns trigger as $BODY$ begin if(new.vin = (select vin from car where new.vin = vin)) then update car set is_sold = true where vin = new.vin; end if; return new; end $BODY$ language plpgsql;
CREATE TRIGGER update_vin_on_trade_in AFTER INSERT ON trade_in FOR EACH ROW EXECUTE PROCEDURE trade_in_vin_new_or_not();
CREATE TRIGGER on_car_sale AFTER INSERT ON sale FOR EACH ROW EXECUTE PROCEDURE update_car_on_sale();
INSERT INTO features (feat_id, feat_name) VALUES (0, 'AC');
INSERT INTO features (feat_id, feat_name) VALUES (1, 'Heated Seats');
INSERT INTO features (feat_id, feat_name) VALUES (2, 'Power Windows');
INSERT INTO features (feat_id, feat_name) VALUES (3, 'Sunroof');
INSERT INTO features (feat_id, feat_name) VALUES (4, 'Leather Seats');
INSERT INTO features (feat_id, feat_name) VALUES (5, 'Sirius XM Radio');
INSERT INTO customization_options (custom_name, cost) VALUES (' Sound System', 27);
INSERT INTO customization_options (custom_name, cost) VALUES (' Paint Trim', 86);
INSERT INTO customization_options (custom_name, cost) VALUES (' Alarm System', 144);
INSERT INTO customization_options (custom_name, cost) VALUES (' Weather Coating', 410);
INSERT INTO warranty (type, cost, duration, miles) VALUES ('Standard', 0, 60, 5000);
INSERT INTO warranty (type, cost, duration, miles) VALUES ('Extended', 100, 120, 10000);
INSERT INTO warranty (type, cost, duration, miles) VALUES ('Limited', 0, 30, 2000);
INSERT INTO customer (name, ref_type, ref_origin) VALUES ('Frank Murray', 'none', 'none');
INSERT INTO customer (name, ref_type, ref_origin) VALUES ('Jan Scott', 'web', 'facebook.com');
INSERT INTO customer (name, ref_type, ref_origin) VALUES ('Adrian Blake', 'mouth', 'Emma Peake');
INSERT INTO customer (name, ref_type, ref_origin) VALUES ('Emma Peake', 'web', 'cars.com');
INSERT INTO customer (name, ref_type, ref_origin) VALUES ('Adam Parr', 'tv ad', 'channel 3');
INSERT INTO employee (emp_name, commission) VALUES ('Jim Friendly', 30);
INSERT INTO employee (emp_name, commission) VALUES ('Diane Graham', 10);
INSERT INTO employee (emp_name, commission) VALUES ('Keven Greene', 10);
INSERT INTO employee (emp_name, commission) VALUES ('Joshua Fraser', 5);
INSERT INTO employee (emp_name, commission) VALUES ('Brian Morrison', 0);
INSERT INTO employee (emp_name, commission) VALUES ('Casey Smith', 10);
INSERT INTO employee (emp_name, commission) VALUES ('Chase Jones', 5);
INSERT INTO employee (emp_name, commission) VALUES ('Mike Doe', 20);
INSERT INTO employee (emp_name, commission) VALUES ('Connor Davis', 15);
INSERT INTO employee (emp_name, commission) VALUES ('Ariana Buck', 15);
INSERT INTO car (vin, sticker_price, make, model, year, color, is_new, is_sold, min_price, mileage) VALUES (555555, 10000, 'ford', 'fusion', 2010, 'silver', true, false, 70.0, 0);
INSERT INTO car (vin, sticker_price, make, model, year, color, is_new, is_sold, min_price, mileage) VALUES (666666, 15000, 'ford', 'focus', 2012, 'black', true, false, 50.0, 0);
INSERT INTO car (vin, sticker_price, make, model, year, color, is_new, is_sold, min_price, mileage) VALUES (777777, 9000, 'ford', 'mustang', 2003, 'white', true, false, 90.0, 0);
INSERT INTO car (vin, sticker_price, make, model, year, color, is_new, is_sold, min_price, mileage) VALUES (111111, 5000, 'ford', 'bronco', 1977, 'silver', true, false, 70.0, 0);
INSERT INTO car (vin, sticker_price, make, model, year, color, is_new, is_sold, min_price, mileage) VALUES (222222, 20000, 'ford', 'taurus', 2013, 'black', true, false, 50.0, 0);
INSERT INTO car (vin, sticker_price, make, model, year, color, is_new, is_sold, min_price, mileage) VALUES (333333, 18000, 'ford', 'fiesta', 2003, 'white', true, false, 90.0, 0);
INSERT INTO car (vin, sticker_price, make, model, year, color, is_new, is_sold, min_price, mileage) VALUES (444444, 18000, 'ford', 'mustang', 2011, 'silver', true, false, 80.0, 0);
INSERT INTO car (vin, sticker_price, make, model, year, color, is_new, is_sold, min_price, mileage) VALUES (121212, 15000, 'ford', 'focus', 2013, 'black', true, false, 50.0, 0);
INSERT INTO car (vin, sticker_price, make, model, year, color, is_new, is_sold, min_price, mileage) VALUES (232323, 8000, 'ford', 'mustang', 2004, 'white', true, false, 80.0, 0);
INSERT INTO car (vin, sticker_price, make, model, year, color, is_new, is_sold, min_price, mileage) VALUES (343434, 12000, 'ford', 'fusion', 2005, 'silver', true, false, 70.0, 0);
INSERT INTO car (vin, sticker_price, make, model, year, color, is_new, is_sold, min_price, mileage) VALUES (454545, 13000, 'ford', 'focus', 2016, 'black', true, false, 50.0, 0);
INSERT INTO car (vin, sticker_price, make, model, year, color, is_new, is_sold, min_price, mileage) VALUES (565656, 9500, 'ford', 'escape', 2000, 'white', true, false, 70.0, 0);
INSERT INTO car (vin, sticker_price, make, model, year, color, is_new, is_sold, min_price, mileage) VALUES (676767, 12000, 'ford', 'explorer', 2010, 'silver', true, false, 70.0, 0);
INSERT INTO car (vin, sticker_price, make, model, year, color, is_new, is_sold, min_price, mileage) VALUES (787878, 13000, 'ford', 'explorer', 2016, 'black', true, false, 50.0, 0);
INSERT INTO car (vin, sticker_price, make, model, year, color, is_new, is_sold, min_price, mileage) VALUES (898989, 1000, 'ford', 'escape', 2001, 'white', true, false, 60.0, 0);
INSERT INTO car (vin, sticker_price, make, model, year, color, is_new, is_sold, min_price, mileage) VALUES (583799, 5500, 'Ford', 'mustang', 1997, 'silver', true, false, 16., 0);
INSERT INTO car (vin, sticker_price, make, model, year, color, is_new, is_sold, min_price, mileage) VALUES (926755, 19301, 'Ford', 'focus', 1997, 'silver', true, false, 25., 0);
INSERT INTO car (vin, sticker_price, make, model, year, color, is_new, is_sold, min_price, mileage) VALUES (839236, 19196, 'Ford', 'fusion', 1997, 'silver', true, false, 0.0, 0);
INSERT INTO car (vin, sticker_price, make, model, year, color, is_new, is_sold, min_price, mileage) VALUES (470581, 14151, 'Ford', 'taurus', 1997, 'red', true, false, 1.0, 0);
INSERT INTO car (vin, sticker_price, make, model, year, color, is_new, is_sold, min_price, mileage) VALUES (169528, 14029, 'Ford', 'mustang', 1998, 'silver', true, false, 44., 0);
INSERT INTO car (vin, sticker_price, make, model, year, color, is_new, is_sold, min_price, mileage) VALUES (989881, 8805, 'Ford', 'focus', 1998, 'red', true, false, 12., 0);
INSERT INTO car (vin, sticker_price, make, model, year, color, is_new, is_sold, min_price, mileage) VALUES (741805, 14483, 'Ford', 'fusion', 1998, 'silver', true, false, 8.0, 0);
INSERT INTO car (vin, sticker_price, make, model, year, color, is_new, is_sold, min_price, mileage) VALUES (906292, 13573, 'Ford', 'taurus', 1998, 'silver', true, false, 19., 0);
INSERT INTO car (vin, sticker_price, make, model, year, color, is_new, is_sold, min_price, mileage) VALUES (984349, 8300, 'Ford', 'mustang', 1999, 'black', true, false, 15., 0);
INSERT INTO car (vin, sticker_price, make, model, year, color, is_new, is_sold, min_price, mileage) VALUES (119913, 16669, 'Ford', 'focus', 1999, 'red', true, false, 5.0, 0);
INSERT INTO car (vin, sticker_price, make, model, year, color, is_new, is_sold, min_price, mileage) VALUES (587207, 11967, 'Ford', 'fusion', 1999, 'silver', true, false, 25., 0);
INSERT INTO car (vin, sticker_price, make, model, year, color, is_new, is_sold, min_price, mileage) VALUES (270591, 17807, 'Ford', 'taurus', 1999, 'silver', true, false, 27., 0);
INSERT INTO car (vin, sticker_price, make, model, year, color, is_new, is_sold, min_price, mileage) VALUES (398122, 11407, 'Ford', 'mustang', 2000, 'red', true, false, 35., 0);
INSERT INTO car (vin, sticker_price, make, model, year, color, is_new, is_sold, min_price, mileage) VALUES (504478, 13317, 'Ford', 'focus', 2000, 'silver', true, false, 5.0, 0);
INSERT INTO car (vin, sticker_price, make, model, year, color, is_new, is_sold, min_price, mileage) VALUES (986280, 10047, 'Ford', 'fusion', 2000, 'red', true, false, 6.0, 0);
INSERT INTO car (vin, sticker_price, make, model, year, color, is_new, is_sold, min_price, mileage) VALUES (991634, 5189, 'Ford', 'taurus', 2000, 'red', true, false, 45., 0);
INSERT INTO car (vin, sticker_price, make, model, year, color, is_new, is_sold, min_price, mileage) VALUES (844996, 19911, 'Ford', 'mustang', 2001, 'black', true, false, 9.0, 0);
INSERT INTO car (vin, sticker_price, make, model, year, color, is_new, is_sold, min_price, mileage) VALUES (140358, 5677, 'Ford', 'focus', 2001, 'red', true, false, 24., 0);
INSERT INTO car (vin, sticker_price, make, model, year, color, is_new, is_sold, min_price, mileage) VALUES (502403, 5845, 'Ford', 'fusion', 2001, 'silver', true, false, 23., 0);
INSERT INTO car (vin, sticker_price, make, model, year, color, is_new, is_sold, min_price, mileage) VALUES (630858, 7807, 'Ford', 'taurus', 2001, 'silver', true, false, 9.0, 0);
INSERT INTO car (vin, sticker_price, make, model, year, color, is_new, is_sold, min_price, mileage) VALUES (339118, 6909, 'Ford', 'mustang', 2002, 'red', true, false, 17., 0);
INSERT INTO car (vin, sticker_price, make, model, year, color, is_new, is_sold, min_price, mileage) VALUES (105038, 12862, 'Ford', 'focus', 2002, 'red', true, false, 40., 0);
INSERT INTO car (vin, sticker_price, make, model, year, color, is_new, is_sold, min_price, mileage) VALUES (274350, 10345, 'Ford', 'fusion', 2002, 'black', true, false, 22., 0);
INSERT INTO car (vin, sticker_price, make, model, year, color, is_new, is_sold, min_price, mileage) VALUES (635972, 5055, 'Ford', 'taurus', 2002, 'red', true, false, 33., 0);
INSERT INTO car (vin, sticker_price, make, model, year, color, is_new, is_sold, min_price, mileage) VALUES (716687, 8825, 'Ford', 'mustang', 2003, 'red', true, false, 8.0, 0);
INSERT INTO car (vin, sticker_price, make, model, year, color, is_new, is_sold, min_price, mileage) VALUES (742304, 7889, 'Ford', 'focus', 2003, 'red', true, false, 14., 0);
INSERT INTO car (vin, sticker_price, make, model, year, color, is_new, is_sold, min_price, mileage) VALUES (833053, 8764, 'Ford', 'fusion', 2003, 'red', true, false, 29., 0);
INSERT INTO car (vin, sticker_price, make, model, year, color, is_new, is_sold, min_price, mileage) VALUES (218875, 7988, 'Ford', 'taurus', 2003, 'red', true, false, 0.0, 0);
INSERT INTO car (vin, sticker_price, make, model, year, color, is_new, is_sold, min_price, mileage) VALUES (908169, 13484, 'Ford', 'mustang', 2004, 'silver', true, false, 27., 0);
INSERT INTO car (vin, sticker_price, make, model, year, color, is_new, is_sold, min_price, mileage) VALUES (232204, 6413, 'Ford', 'focus', 2004, 'red', true, false, 41., 0);
INSERT INTO car (vin, sticker_price, make, model, year, color, is_new, is_sold, min_price, mileage) VALUES (637124, 11174, 'Ford', 'fusion', 2004, 'black', true, false, 27., 0);
INSERT INTO car (vin, sticker_price, make, model, year, color, is_new, is_sold, min_price, mileage) VALUES (239117, 5904, 'Ford', 'taurus', 2004, 'black', true, false, 46., 0);
INSERT INTO car (vin, sticker_price, make, model, year, color, is_new, is_sold, min_price, mileage) VALUES (866401, 19543, 'Ford', 'mustang', 2005, 'red', true, false, 28., 0);
INSERT INTO car (vin, sticker_price, make, model, year, color, is_new, is_sold, min_price, mileage) VALUES (336251, 13660, 'Ford', 'focus', 2005, 'black', true, false, 26., 0);
INSERT INTO car (vin, sticker_price, make, model, year, color, is_new, is_sold, min_price, mileage) VALUES (651799, 17311, 'Ford', 'fusion', 2005, 'red', true, false, 32., 0);
INSERT INTO car (vin, sticker_price, make, model, year, color, is_new, is_sold, min_price, mileage) VALUES (144405, 6378, 'Ford', 'taurus', 2005, 'silver', true, false, 10., 0);
INSERT INTO car (vin, sticker_price, make, model, year, color, is_new, is_sold, min_price, mileage) VALUES (198109, 5849, 'Ford', 'mustang', 2006, 'black', true, false, 9.0, 0);
INSERT INTO car (vin, sticker_price, make, model, year, color, is_new, is_sold, min_price, mileage) VALUES (135708, 8950, 'Ford', 'focus', 2006, 'black', true, false, 29., 0);
INSERT INTO car (vin, sticker_price, make, model, year, color, is_new, is_sold, min_price, mileage) VALUES (719724, 16609, 'Ford', 'fusion', 2006, 'silver', true, false, 23., 0);
INSERT INTO car (vin, sticker_price, make, model, year, color, is_new, is_sold, min_price, mileage) VALUES (541554, 6596, 'Ford', 'taurus', 2006, 'silver', true, false, 6.0, 0);
INSERT INTO car (vin, sticker_price, make, model, year, color, is_new, is_sold, min_price, mileage) VALUES (675168, 16156, 'Ford', 'mustang', 2007, 'silver', true, false, 15., 0);
INSERT INTO car (vin, sticker_price, make, model, year, color, is_new, is_sold, min_price, mileage) VALUES (240923, 15851, 'Ford', 'focus', 2007, 'red', true, false, 8.0, 0);
INSERT INTO car (vin, sticker_price, make, model, year, color, is_new, is_sold, min_price, mileage) VALUES (859255, 9203, 'Ford', 'fusion', 2007, 'red', true, false, 22., 0);
INSERT INTO car (vin, sticker_price, make, model, year, color, is_new, is_sold, min_price, mileage) VALUES (413214, 18501, 'Ford', 'taurus', 2007, 'black', true, false, 7.0, 0);
INSERT INTO car (vin, sticker_price, make, model, year, color, is_new, is_sold, min_price, mileage) VALUES (418767, 15519, 'Ford', 'mustang', 2008, 'red', true, false, 6.0, 0);
INSERT INTO car (vin, sticker_price, make, model, year, color, is_new, is_sold, min_price, mileage) VALUES (215011, 10516, 'Ford', 'focus', 2008, 'black', true, false, 46., 0);
INSERT INTO car (vin, sticker_price, make, model, year, color, is_new, is_sold, min_price, mileage) VALUES (711339, 14710, 'Ford', 'fusion', 2008, 'red', true, false, 3.0, 0);
INSERT INTO car (vin, sticker_price, make, model, year, color, is_new, is_sold, min_price, mileage) VALUES (571702, 10663, 'Ford', 'taurus', 2008, 'black', true, false, 43., 0);
INSERT INTO car (vin, sticker_price, make, model, year, color, is_new, is_sold, min_price, mileage) VALUES (212975, 7932, 'Ford', 'mustang', 2009, 'silver', true, false, 22., 0);
INSERT INTO car (vin, sticker_price, make, model, year, color, is_new, is_sold, min_price, mileage) VALUES (764418, 17794, 'Ford', 'focus', 2009, 'black', true, false, 26., 0);
INSERT INTO car (vin, sticker_price, make, model, year, color, is_new, is_sold, min_price, mileage) VALUES (579775, 10787, 'Ford', 'fusion', 2009, 'silver', true, false, 8.0, 0);
INSERT INTO car (vin, sticker_price, make, model, year, color, is_new, is_sold, min_price, mileage) VALUES (941687, 17153, 'Ford', 'taurus', 2009, 'silver', true, false, 27., 0);
INSERT INTO car (vin, sticker_price, make, model, year, color, is_new, is_sold, min_price, mileage) VALUES (575139, 6051, 'Ford', 'mustang', 2010, 'black', true, false, 36., 0);
INSERT INTO car (vin, sticker_price, make, model, year, color, is_new, is_sold, min_price, mileage) VALUES (470757, 9501, 'Ford', 'focus', 2010, 'silver', true, false, 32., 0);
INSERT INTO car (vin, sticker_price, make, model, year, color, is_new, is_sold, min_price, mileage) VALUES (676774, 17409, 'Ford', 'fusion', 2010, 'red', true, false, 9.0, 0);
INSERT INTO car (vin, sticker_price, make, model, year, color, is_new, is_sold, min_price, mileage) VALUES (143230, 16548, 'Ford', 'taurus', 2010, 'red', true, false, 2.0, 0);
INSERT INTO car (vin, sticker_price, make, model, year, color, is_new, is_sold, min_price, mileage) VALUES (914162, 12908, 'Ford', 'mustang', 2011, 'silver', true, false, 26., 0);
INSERT INTO car (vin, sticker_price, make, model, year, color, is_new, is_sold, min_price, mileage) VALUES (314263, 8285, 'Ford', 'focus', 2011, 'red', true, false, 46., 0);
INSERT INTO car (vin, sticker_price, make, model, year, color, is_new, is_sold, min_price, mileage) VALUES (344116, 13547, 'Ford', 'fusion', 2011, 'silver', true, false, 33., 0);
INSERT INTO car (vin, sticker_price, make, model, year, color, is_new, is_sold, min_price, mileage) VALUES (603110, 5729, 'Ford', 'taurus', 2011, 'silver', true, false, 5.0, 0);
INSERT INTO car (vin, sticker_price, make, model, year, color, is_new, is_sold, min_price, mileage) VALUES (604382, 13960, 'Ford', 'mustang', 2012, 'silver', true, false, 34., 0);
INSERT INTO car (vin, sticker_price, make, model, year, color, is_new, is_sold, min_price, mileage) VALUES (612645, 14795, 'Ford', 'focus', 2012, 'silver', true, false, 38., 0);
INSERT INTO car (vin, sticker_price, make, model, year, color, is_new, is_sold, min_price, mileage) VALUES (789183, 6127, 'Ford', 'fusion', 2012, 'silver', true, false, 20., 0);
INSERT INTO car (vin, sticker_price, make, model, year, color, is_new, is_sold, min_price, mileage) VALUES (791405, 13816, 'Ford', 'taurus', 2012, 'black', true, false, 21., 0);
INSERT INTO car (vin, sticker_price, make, model, year, color, is_new, is_sold, min_price, mileage) VALUES (373100, 11055, 'Ford', 'mustang', 2013, 'silver', true, false, 34., 0);
INSERT INTO car (vin, sticker_price, make, model, year, color, is_new, is_sold, min_price, mileage) VALUES (234780, 16368, 'Ford', 'focus', 2013, 'red', true, false, 36., 0);
INSERT INTO car (vin, sticker_price, make, model, year, color, is_new, is_sold, min_price, mileage) VALUES (444187, 16991, 'Ford', 'fusion', 2013, 'silver', true, false, 33., 0);
INSERT INTO car (vin, sticker_price, make, model, year, color, is_new, is_sold, min_price, mileage) VALUES (205903, 11138, 'Ford', 'taurus', 2013, 'red', true, false, 15., 0);
INSERT INTO car (vin, sticker_price, make, model, year, color, is_new, is_sold, min_price, mileage) VALUES (187650, 17962, 'Ford', 'mustang', 2014, 'black', true, false, 3.0, 0);
INSERT INTO car (vin, sticker_price, make, model, year, color, is_new, is_sold, min_price, mileage) VALUES (129063, 10827, 'Ford', 'focus', 2014, 'red', true, false, 36., 0);
INSERT INTO car (vin, sticker_price, make, model, year, color, is_new, is_sold, min_price, mileage) VALUES (846076, 8995, 'Ford', 'fusion', 2014, 'silver', true, false, 27., 0);
INSERT INTO car (vin, sticker_price, make, model, year, color, is_new, is_sold, min_price, mileage) VALUES (773960, 9703, 'Ford', 'taurus', 2014, 'black', true, false, 14., 0);
INSERT INTO car (vin, sticker_price, make, model, year, color, is_new, is_sold, min_price, mileage) VALUES (807651, 8289, 'Ford', 'mustang', 2015, 'black', true, false, 40., 0);
INSERT INTO car (vin, sticker_price, make, model, year, color, is_new, is_sold, min_price, mileage) VALUES (595381, 18958, 'Ford', 'focus', 2015, 'silver', true, false, 9.0, 0);
INSERT INTO car (vin, sticker_price, make, model, year, color, is_new, is_sold, min_price, mileage) VALUES (925622, 10539, 'Ford', 'fusion', 2015, 'red', true, false, 39., 0);
INSERT INTO car (vin, sticker_price, make, model, year, color, is_new, is_sold, min_price, mileage) VALUES (803509, 5136, 'Ford', 'taurus', 2015, 'red', true, false, 31., 0);
INSERT INTO car (vin, sticker_price, make, model, year, color, is_new, is_sold, min_price, mileage) VALUES (482389, 12133, 'Ford', 'mustang', 2016, 'silver', true, false, 11., 0);
INSERT INTO car (vin, sticker_price, make, model, year, color, is_new, is_sold, min_price, mileage) VALUES (893009, 12009, 'Ford', 'focus', 2016, 'black', true, false, 38., 0);
INSERT INTO car (vin, sticker_price, make, model, year, color, is_new, is_sold, min_price, mileage) VALUES (472031, 14089, 'Ford', 'fusion', 2016, 'red', true, false, 46., 0);
INSERT INTO car (vin, sticker_price, make, model, year, color, is_new, is_sold, min_price, mileage) VALUES (378290, 6229, 'Ford', 'taurus', 2016, 'black', true, false, 8.0, 0);
INSERT INTO trade_in (vin, mileage, condition, value) VALUES (222222, 25000, 'good', 5000);
INSERT INTO trade_in (vin, mileage, condition, value) VALUES (333333, 50000, 'good', 5000);
INSERT INTO trade_in (vin, mileage, condition, value) VALUES (555555, 5000, 'excellent', 6000);
INSERT INTO trade_in (vin, mileage, condition, value) VALUES (121212, 10000, 'fair', 5000);
INSERT INTO financing (amount, type, name, addr) VALUES (15000, 'bank', 'bank of america', '123 Fake St.');
INSERT INTO financing (amount, type, name, addr) VALUES (4000, 'dealership', 'friendly', '543 False Ave.');
INSERT INTO financing (amount, type, name, addr) VALUES (20000, 'dealership', 'friendly', '543 False Ave.');
INSERT INTO financing (amount, type, name, addr) VALUES (11000, 'bank', 'citi bank', '822 Fiction Ct.');
INSERT INTO financing (amount, type, name, addr) VALUES (15000, 'bank', 'citi bank', '822 Fiction Ct.');
INSERT INTO financing (amount, type, name, addr) VALUES (6000, 'bank', 'bank of america', '123 Fake St.');
INSERT INTO financing (amount, type, name, addr) VALUES (13000, 'manufacture', 'ford', '235 Merry Ave.');
INSERT INTO financing (amount, type, name, addr) VALUES (4500, 'manufacture', 'ford', '235 Merry Ave.');
INSERT INTO financing (amount, type, name, addr) VALUES (8000, 'dealership', 'friendly', '543 False Ave.');
INSERT INTO payment (amount, trade_id, fin_id) VALUES (10000, null, null);
INSERT INTO payment (amount, trade_id, fin_id) VALUES (15000, null, 1);
INSERT INTO payment (amount, trade_id, fin_id) VALUES (9000, 1, 2);
INSERT INTO payment (amount, trade_id, fin_id) VALUES (5000, null, null);
INSERT INTO payment (amount, trade_id, fin_id) VALUES (20000, null, 3);
INSERT INTO payment (amount, trade_id, fin_id) VALUES (18000, 2, 4);
INSERT INTO payment (amount, trade_id, fin_id) VALUES (18000, null, null);
INSERT INTO payment (amount, trade_id, fin_id) VALUES (15000, null, 5);
INSERT INTO payment (amount, trade_id, fin_id) VALUES (8000, null, null);
INSERT INTO payment (amount, trade_id, fin_id) VALUES (12000, 3, 6);
INSERT INTO payment (amount, trade_id, fin_id) VALUES (13000, null, 7);
INSERT INTO payment (amount, trade_id, fin_id) VALUES (9500, 4, 8);
INSERT INTO payment (amount, trade_id, fin_id) VALUES (12000, null, null);
INSERT INTO payment (amount, trade_id, fin_id) VALUES (13000, null, 9);
INSERT INTO payment (amount, trade_id, fin_id) VALUES (1000, null, null);
INSERT INTO sale (is_approved, price, date, emp_requested, tax_rate, license_fee, cus_id, vin, emp_id, payment_id, warranty_id) VALUES (false, 10000, '01/01/2017', false, 0.05, 66, 1, 555555, 6, 1, 2);
INSERT INTO has_customization (sale_id, custom_id) VALUES (1, 1);
INSERT INTO has_customization (sale_id, custom_id) VALUES (1, 4);
INSERT INTO sale (is_approved, price, date, emp_requested, tax_rate, license_fee, cus_id, vin, emp_id, payment_id, warranty_id) VALUES (false, 15000, '01/01/2017', false, 0.05, 36, 3, 666666, 2, 2, 2);
INSERT INTO has_customization (sale_id, custom_id) VALUES (2, 1);
INSERT INTO has_customization (sale_id, custom_id) VALUES (2, 3);
INSERT INTO sale (is_approved, price, date, emp_requested, tax_rate, license_fee, cus_id, vin, emp_id, payment_id, warranty_id) VALUES (false, 9000, '01/01/2017', false, 0.05, 247, 4, 777777, 9, 3, 2);
INSERT INTO has_customization (sale_id, custom_id) VALUES (3, 2);
INSERT INTO has_customization (sale_id, custom_id) VALUES (3, 4);
INSERT INTO sale (is_approved, price, date, emp_requested, tax_rate, license_fee, cus_id, vin, emp_id, payment_id, warranty_id) VALUES (false, 5000, '01/01/2017', true, 0.05, 59, 1, 111111, 7, 4, 2);
INSERT INTO sale (is_approved, price, date, emp_requested, tax_rate, license_fee, cus_id, vin, emp_id, payment_id, warranty_id) VALUES (false, 20000, '01/01/2017', true, 0.05, 67, 4, 222222, 5, 5, 1);
INSERT INTO has_customization (sale_id, custom_id) VALUES (5, 1);
INSERT INTO has_customization (sale_id, custom_id) VALUES (5, 2);
INSERT INTO sale (is_approved, price, date, emp_requested, tax_rate, license_fee, cus_id, vin, emp_id, payment_id, warranty_id) VALUES (false, 18000, '01/01/2017', false, 0.05, 224, 2, 333333, 5, 6, 1);
INSERT INTO has_customization (sale_id, custom_id) VALUES (6, 1);
INSERT INTO has_customization (sale_id, custom_id) VALUES (6, 4);
INSERT INTO sale (is_approved, price, date, emp_requested, tax_rate, license_fee, cus_id, vin, emp_id, payment_id, warranty_id) VALUES (false, 18000, '01/01/2017', true, 0.05, 84, 1, 444444, 7, 7, 1);
INSERT INTO has_customization (sale_id, custom_id) VALUES (7, 1);
INSERT INTO has_customization (sale_id, custom_id) VALUES (7, 3);
INSERT INTO sale (is_approved, price, date, emp_requested, tax_rate, license_fee, cus_id, vin, emp_id, payment_id, warranty_id) VALUES (false, 15000, '01/01/2017', true, 0.05, 245, 4, 121212, 9, 8, 2);
INSERT INTO has_customization (sale_id, custom_id) VALUES (8, 2);
INSERT INTO has_customization (sale_id, custom_id) VALUES (8, 3);
INSERT INTO has_customization (sale_id, custom_id) VALUES (8, 4);
INSERT INTO sale (is_approved, price, date, emp_requested, tax_rate, license_fee, cus_id, vin, emp_id, payment_id, warranty_id) VALUES (false, 8000, '01/01/2017', true, 0.05, 120, 4, 232323, 3, 9, 2);
INSERT INTO has_customization (sale_id, custom_id) VALUES (9, 4);
INSERT INTO sale (is_approved, price, date, emp_requested, tax_rate, license_fee, cus_id, vin, emp_id, payment_id, warranty_id) VALUES (false, 12000, '01/01/2017', true, 0.05, 147, 2, 343434, 4, 10, 1);
INSERT INTO has_customization (sale_id, custom_id) VALUES (10, 2);
INSERT INTO has_customization (sale_id, custom_id) VALUES (10, 3);
INSERT INTO has_customization (sale_id, custom_id) VALUES (10, 4);
INSERT INTO sale (is_approved, price, date, emp_requested, tax_rate, license_fee, cus_id, vin, emp_id, payment_id, warranty_id) VALUES (false, 13000, '01/01/2017', false, 0.05, 141, 4, 454545, 4, 11, 1);
INSERT INTO has_customization (sale_id, custom_id) VALUES (11, 1);
INSERT INTO has_customization (sale_id, custom_id) VALUES (11, 2);
INSERT INTO has_customization (sale_id, custom_id) VALUES (11, 3);
INSERT INTO sale (is_approved, price, date, emp_requested, tax_rate, license_fee, cus_id, vin, emp_id, payment_id, warranty_id) VALUES (false, 9500, '01/01/2017', true, 0.05, 209, 2, 565656, 9, 12, 1);
INSERT INTO has_customization (sale_id, custom_id) VALUES (12, 3);
INSERT INTO sale (is_approved, price, date, emp_requested, tax_rate, license_fee, cus_id, vin, emp_id, payment_id, warranty_id) VALUES (false, 12000, '01/01/2017', true, 0.05, 191, 3, 676767, 8, 13, 1);
INSERT INTO has_customization (sale_id, custom_id) VALUES (13, 2);
INSERT INTO has_customization (sale_id, custom_id) VALUES (13, 3);
INSERT INTO sale (is_approved, price, date, emp_requested, tax_rate, license_fee, cus_id, vin, emp_id, payment_id, warranty_id) VALUES (false, 13000, '01/01/2017', true, 0.05, 225, 3, 787878, 8, 14, 1);
INSERT INTO has_customization (sale_id, custom_id) VALUES (14, 3);
INSERT INTO has_customization (sale_id, custom_id) VALUES (14, 4);
INSERT INTO sale (is_approved, price, date, emp_requested, tax_rate, license_fee, cus_id, vin, emp_id, payment_id, warranty_id) VALUES (false, 1000, '01/01/2017', true, 0.05, 120, 1, 898989, 6, 15, 2);
INSERT INTO has_customization (sale_id, custom_id) VALUES (15, 2);
INSERT INTO has_features (vin, feat_id) VALUES (583799, 2);
INSERT INTO has_features (vin, feat_id) VALUES (583799, 3);
INSERT INTO has_features (vin, feat_id) VALUES (926755, 0);
INSERT INTO has_features (vin, feat_id) VALUES (926755, 2);
INSERT INTO has_features (vin, feat_id) VALUES (839236, 1);
INSERT INTO has_features (vin, feat_id) VALUES (169528, 2);
INSERT INTO has_features (vin, feat_id) VALUES (989881, 1);
INSERT INTO has_features (vin, feat_id) VALUES (989881, 3);
INSERT INTO has_features (vin, feat_id) VALUES (741805, 0);
INSERT INTO has_features (vin, feat_id) VALUES (741805, 1);
INSERT INTO has_features (vin, feat_id) VALUES (741805, 2);
INSERT INTO has_features (vin, feat_id) VALUES (741805, 4);
INSERT INTO has_features (vin, feat_id) VALUES (906292, 1);
INSERT INTO has_features (vin, feat_id) VALUES (906292, 3);
INSERT INTO has_features (vin, feat_id) VALUES (984349, 0);
INSERT INTO has_features (vin, feat_id) VALUES (984349, 2);
INSERT INTO has_features (vin, feat_id) VALUES (984349, 3);
INSERT INTO has_features (vin, feat_id) VALUES (119913, 1);
INSERT INTO has_features (vin, feat_id) VALUES (119913, 2);
INSERT INTO has_features (vin, feat_id) VALUES (119913, 4);
INSERT INTO has_features (vin, feat_id) VALUES (587207, 4);
INSERT INTO has_features (vin, feat_id) VALUES (270591, 1);
INSERT INTO has_features (vin, feat_id) VALUES (270591, 2);
INSERT INTO has_features (vin, feat_id) VALUES (270591, 3);
INSERT INTO has_features (vin, feat_id) VALUES (398122, 3);
INSERT INTO has_features (vin, feat_id) VALUES (504478, 0);
INSERT INTO has_features (vin, feat_id) VALUES (986280, 2);
INSERT INTO has_features (vin, feat_id) VALUES (986280, 3);
INSERT INTO has_features (vin, feat_id) VALUES (986280, 4);
INSERT INTO has_features (vin, feat_id) VALUES (991634, 0);
INSERT INTO has_features (vin, feat_id) VALUES (844996, 0);
INSERT INTO has_features (vin, feat_id) VALUES (844996, 1);
INSERT INTO has_features (vin, feat_id) VALUES (844996, 4);
INSERT INTO has_features (vin, feat_id) VALUES (140358, 0);
INSERT INTO has_features (vin, feat_id) VALUES (140358, 1);
INSERT INTO has_features (vin, feat_id) VALUES (140358, 3);
INSERT INTO has_features (vin, feat_id) VALUES (140358, 4);
INSERT INTO has_features (vin, feat_id) VALUES (502403, 0);
INSERT INTO has_features (vin, feat_id) VALUES (502403, 2);
INSERT INTO has_features (vin, feat_id) VALUES (502403, 4);
INSERT INTO has_features (vin, feat_id) VALUES (630858, 2);
INSERT INTO has_features (vin, feat_id) VALUES (339118, 4);
INSERT INTO has_features (vin, feat_id) VALUES (105038, 1);
INSERT INTO has_features (vin, feat_id) VALUES (274350, 1);
INSERT INTO has_features (vin, feat_id) VALUES (274350, 3);
INSERT INTO has_features (vin, feat_id) VALUES (274350, 4);
INSERT INTO has_features (vin, feat_id) VALUES (635972, 0);
INSERT INTO has_features (vin, feat_id) VALUES (635972, 1);
INSERT INTO has_features (vin, feat_id) VALUES (635972, 2);
INSERT INTO has_features (vin, feat_id) VALUES (635972, 3);
INSERT INTO has_features (vin, feat_id) VALUES (635972, 4);
INSERT INTO has_features (vin, feat_id) VALUES (742304, 3);
INSERT INTO has_features (vin, feat_id) VALUES (742304, 4);
INSERT INTO has_features (vin, feat_id) VALUES (833053, 0);
INSERT INTO has_features (vin, feat_id) VALUES (833053, 1);
INSERT INTO has_features (vin, feat_id) VALUES (833053, 2);
INSERT INTO has_features (vin, feat_id) VALUES (833053, 3);
INSERT INTO has_features (vin, feat_id) VALUES (218875, 1);
INSERT INTO has_features (vin, feat_id) VALUES (218875, 2);
INSERT INTO has_features (vin, feat_id) VALUES (218875, 4);
INSERT INTO has_features (vin, feat_id) VALUES (908169, 0);
INSERT INTO has_features (vin, feat_id) VALUES (908169, 3);
INSERT INTO has_features (vin, feat_id) VALUES (232204, 1);
INSERT INTO has_features (vin, feat_id) VALUES (232204, 3);
INSERT INTO has_features (vin, feat_id) VALUES (232204, 4);
INSERT INTO has_features (vin, feat_id) VALUES (637124, 0);
INSERT INTO has_features (vin, feat_id) VALUES (637124, 1);
INSERT INTO has_features (vin, feat_id) VALUES (637124, 2);
INSERT INTO has_features (vin, feat_id) VALUES (637124, 3);
INSERT INTO has_features (vin, feat_id) VALUES (239117, 1);
INSERT INTO has_features (vin, feat_id) VALUES (239117, 3);
INSERT INTO has_features (vin, feat_id) VALUES (239117, 4);
INSERT INTO has_features (vin, feat_id) VALUES (866401, 0);
INSERT INTO has_features (vin, feat_id) VALUES (866401, 1);
INSERT INTO has_features (vin, feat_id) VALUES (866401, 2);
INSERT INTO has_features (vin, feat_id) VALUES (866401, 4);
INSERT INTO has_features (vin, feat_id) VALUES (336251, 0);
INSERT INTO has_features (vin, feat_id) VALUES (336251, 1);
INSERT INTO has_features (vin, feat_id) VALUES (651799, 3);
INSERT INTO has_features (vin, feat_id) VALUES (144405, 0);
INSERT INTO has_features (vin, feat_id) VALUES (144405, 2);
INSERT INTO has_features (vin, feat_id) VALUES (144405, 3);
INSERT INTO has_features (vin, feat_id) VALUES (198109, 0);
INSERT INTO has_features (vin, feat_id) VALUES (198109, 1);
INSERT INTO has_features (vin, feat_id) VALUES (198109, 3);
INSERT INTO has_features (vin, feat_id) VALUES (135708, 0);
INSERT INTO has_features (vin, feat_id) VALUES (135708, 2);
INSERT INTO has_features (vin, feat_id) VALUES (135708, 3);
INSERT INTO has_features (vin, feat_id) VALUES (135708, 4);
INSERT INTO has_features (vin, feat_id) VALUES (719724, 0);
INSERT INTO has_features (vin, feat_id) VALUES (719724, 2);
INSERT INTO has_features (vin, feat_id) VALUES (719724, 4);
INSERT INTO has_features (vin, feat_id) VALUES (541554, 0);
INSERT INTO has_features (vin, feat_id) VALUES (541554, 2);
INSERT INTO has_features (vin, feat_id) VALUES (675168, 1);
INSERT INTO has_features (vin, feat_id) VALUES (675168, 2);
INSERT INTO has_features (vin, feat_id) VALUES (675168, 3);
INSERT INTO has_features (vin, feat_id) VALUES (675168, 4);
INSERT INTO has_features (vin, feat_id) VALUES (240923, 0);
INSERT INTO has_features (vin, feat_id) VALUES (240923, 1);
INSERT INTO has_features (vin, feat_id) VALUES (240923, 4);
INSERT INTO has_features (vin, feat_id) VALUES (859255, 1);
INSERT INTO has_features (vin, feat_id) VALUES (859255, 2);
INSERT INTO has_features (vin, feat_id) VALUES (413214, 0);
INSERT INTO has_features (vin, feat_id) VALUES (413214, 2);
INSERT INTO has_features (vin, feat_id) VALUES (413214, 3);
INSERT INTO has_features (vin, feat_id) VALUES (413214, 4);
INSERT INTO has_features (vin, feat_id) VALUES (418767, 0);
INSERT INTO has_features (vin, feat_id) VALUES (418767, 1);
INSERT INTO has_features (vin, feat_id) VALUES (418767, 3);
INSERT INTO has_features (vin, feat_id) VALUES (418767, 4);
INSERT INTO has_features (vin, feat_id) VALUES (215011, 0);
INSERT INTO has_features (vin, feat_id) VALUES (711339, 1);
INSERT INTO has_features (vin, feat_id) VALUES (711339, 3);
INSERT INTO has_features (vin, feat_id) VALUES (571702, 0);
INSERT INTO has_features (vin, feat_id) VALUES (571702, 3);
INSERT INTO has_features (vin, feat_id) VALUES (212975, 0);
INSERT INTO has_features (vin, feat_id) VALUES (764418, 1);
INSERT INTO has_features (vin, feat_id) VALUES (764418, 3);
INSERT INTO has_features (vin, feat_id) VALUES (579775, 2);
INSERT INTO has_features (vin, feat_id) VALUES (941687, 0);
INSERT INTO has_features (vin, feat_id) VALUES (941687, 1);
INSERT INTO has_features (vin, feat_id) VALUES (941687, 3);
INSERT INTO has_features (vin, feat_id) VALUES (575139, 0);
INSERT INTO has_features (vin, feat_id) VALUES (575139, 2);
INSERT INTO has_features (vin, feat_id) VALUES (575139, 4);
INSERT INTO has_features (vin, feat_id) VALUES (470757, 0);
INSERT INTO has_features (vin, feat_id) VALUES (470757, 2);
INSERT INTO has_features (vin, feat_id) VALUES (470757, 4);
INSERT INTO has_features (vin, feat_id) VALUES (676774, 0);
INSERT INTO has_features (vin, feat_id) VALUES (676774, 2);
INSERT INTO has_features (vin, feat_id) VALUES (676774, 3);
INSERT INTO has_features (vin, feat_id) VALUES (143230, 2);
INSERT INTO has_features (vin, feat_id) VALUES (143230, 3);
INSERT INTO has_features (vin, feat_id) VALUES (143230, 4);
INSERT INTO has_features (vin, feat_id) VALUES (914162, 0);
INSERT INTO has_features (vin, feat_id) VALUES (914162, 3);
INSERT INTO has_features (vin, feat_id) VALUES (914162, 4);
INSERT INTO has_features (vin, feat_id) VALUES (314263, 4);
INSERT INTO has_features (vin, feat_id) VALUES (344116, 1);
INSERT INTO has_features (vin, feat_id) VALUES (344116, 3);
INSERT INTO has_features (vin, feat_id) VALUES (344116, 4);
INSERT INTO has_features (vin, feat_id) VALUES (603110, 0);
INSERT INTO has_features (vin, feat_id) VALUES (603110, 1);
INSERT INTO has_features (vin, feat_id) VALUES (603110, 2);
INSERT INTO has_features (vin, feat_id) VALUES (604382, 1);
INSERT INTO has_features (vin, feat_id) VALUES (604382, 3);
INSERT INTO has_features (vin, feat_id) VALUES (612645, 2);
INSERT INTO has_features (vin, feat_id) VALUES (789183, 1);
INSERT INTO has_features (vin, feat_id) VALUES (789183, 3);
INSERT INTO has_features (vin, feat_id) VALUES (789183, 4);
INSERT INTO has_features (vin, feat_id) VALUES (791405, 1);
INSERT INTO has_features (vin, feat_id) VALUES (373100, 2);
INSERT INTO has_features (vin, feat_id) VALUES (373100, 3);
INSERT INTO has_features (vin, feat_id) VALUES (234780, 2);
INSERT INTO has_features (vin, feat_id) VALUES (234780, 3);
INSERT INTO has_features (vin, feat_id) VALUES (444187, 2);
INSERT INTO has_features (vin, feat_id) VALUES (187650, 2);
INSERT INTO has_features (vin, feat_id) VALUES (187650, 3);
INSERT INTO has_features (vin, feat_id) VALUES (187650, 4);
INSERT INTO has_features (vin, feat_id) VALUES (129063, 0);
INSERT INTO has_features (vin, feat_id) VALUES (129063, 1);
INSERT INTO has_features (vin, feat_id) VALUES (129063, 4);
INSERT INTO has_features (vin, feat_id) VALUES (846076, 2);
INSERT INTO has_features (vin, feat_id) VALUES (846076, 3);
INSERT INTO has_features (vin, feat_id) VALUES (846076, 4);
INSERT INTO has_features (vin, feat_id) VALUES (773960, 2);
INSERT INTO has_features (vin, feat_id) VALUES (773960, 3);
INSERT INTO has_features (vin, feat_id) VALUES (773960, 4);
INSERT INTO has_features (vin, feat_id) VALUES (807651, 2);
INSERT INTO has_features (vin, feat_id) VALUES (595381, 0);
INSERT INTO has_features (vin, feat_id) VALUES (595381, 1);
INSERT INTO has_features (vin, feat_id) VALUES (595381, 2);
INSERT INTO has_features (vin, feat_id) VALUES (925622, 4);
INSERT INTO has_features (vin, feat_id) VALUES (803509, 2);
INSERT INTO has_features (vin, feat_id) VALUES (803509, 4);
INSERT INTO has_features (vin, feat_id) VALUES (482389, 0);
INSERT INTO has_features (vin, feat_id) VALUES (482389, 1);
INSERT INTO has_features (vin, feat_id) VALUES (482389, 2);
INSERT INTO has_features (vin, feat_id) VALUES (893009, 0);
INSERT INTO has_features (vin, feat_id) VALUES (893009, 4);
INSERT INTO has_features (vin, feat_id) VALUES (472031, 0);
INSERT INTO has_features (vin, feat_id) VALUES (472031, 1);
INSERT INTO has_features (vin, feat_id) VALUES (472031, 2);
INSERT INTO has_features (vin, feat_id) VALUES (472031, 4);
