DROP TABLE IF EXISTS customization_options CASCADE; 
CREATE TABLE customization_options ( custom_id serial NOT NULL PRIMARY KEY, custom_name character varying(70) NOT NULL, cost money NOT NULL );
DROP TABLE IF EXISTS features CASCADE; 
CREATE TABLE features ( feat_id serial NOT NULL PRIMARY KEY, feat_name character varying(70) NOT NULL );
DROP TABLE IF EXISTS customer CASCADE; 
CREATE TABLE customer ( cus_id serial NOT NULL PRIMARY KEY, name character varying(70) NOT NULL, ref_type character varying(70) NOT NULL, ref_origin character varying(70) NOT NULL );
DROP TABLE IF EXISTS employee CASCADE; 
CREATE TABLE employee ( emp_id serial NOT NULL PRIMARY KEY, emp_name character varying(70) NOT NULL, commission numeric(5,2) NOT NULL, CONSTRAINT value_is_percentage CHECK (((commission >= (0)::numeric) AND (commission < (100)::numeric) )) );
DROP TABLE IF EXISTS car CASCADE; 
CREATE TABLE car ( vin integer NOT NULL PRIMARY KEY, sticker_price money NOT NULL, make character varying(70) NOT NULL, model character varying(70) NOT NULL, year integer NOT NULL, color character varying(70) NOT NULL, is_new boolean NOT NULL, is_sold boolean NOT NULL, min_price numeric(5,2) NOT NULL, mileage integer NOT NULL );
DROP TABLE IF EXISTS trade_in CASCADE; 
CREATE TABLE trade_in ( trade_id serial NOT NULL PRIMARY KEY, vin integer NOT NULL REFERENCES car(vin), mileage integer NOT NULL, condition character varying(250) NOT NULL, value money NOT NULL );
DROP TABLE IF EXISTS financing CASCADE; 
CREATE TABLE financing ( fin_id serial NOT NULL PRIMARY KEY, amount money NOT NULL, type character varying(250) NOT NULL, name character varying(70) NOT NULL, addr character varying(100) NOT NULL );
DROP TABLE IF EXISTS payment CASCADE; 
CREATE TABLE payment ( payment_id serial NOT NULL PRIMARY KEY, amount money NOT NULL, trade_id integer REFERENCES trade_in(trade_id) ON DELETE CASCADE, fin_id integer REFERENCES financing(fin_id) ON DELETE CASCADE );
DROP TABLE IF EXISTS warranty CASCADE; 
CREATE TABLE warranty ( warranty_id serial NOT NULL PRIMARY KEY, type character varying(70) NOT NULL, cost money NOT NULL, duration integer NOT NULL, miles integer NOT NULL );
DROP TABLE IF EXISTS sale CASCADE; 
CREATE TABLE sale ( sale_id serial NOT NULL PRIMARY KEY, is_approved boolean NOT NULL, price money NOT NULL, date date NOT NULL, emp_requested boolean NOT NULL, tax_rate numeric(5,2) NOT NULL, license_fee money NOT NULL, cus_id integer NOT NULL REFERENCES customer(cus_id) ON DELETE CASCADE, vin integer NOT NULL REFERENCES car(vin) ON DELETE CASCADE, emp_id integer NOT NULL REFERENCES employee(emp_id) ON DELETE CASCADE, payment_id integer NOT NULL REFERENCES payment(payment_id) ON DELETE CASCADE, warranty_id integer NOT NULL REFERENCES warranty(warranty_id) ON DELETE CASCADE, CONSTRAINT value_is_percentage CHECK (((tax_rate >= (0)::numeric) AND (tax_rate < (100)::numeric) )) );
DROP TABLE IF EXISTS has_features CASCADE; 
CREATE TABLE has_features ( feat_id integer NOT NULL REFERENCES features(feat_id) ON DELETE CASCADE, vin integer NOT NULL REFERENCES car(vin) ON DELETE CASCADE, PRIMARY KEY(feat_id, vin) );
DROP TABLE IF EXISTS has_customization CASCADE; 
CREATE TABLE has_customization ( custom_id integer NOT NULL REFERENCES customization_options(custom_id) ON DELETE CASCADE, sale_id integer NOT NULL REFERENCES sale(sale_id) ON DELETE CASCADE, PRIMARY KEY(custom_id, sale_id) );
CREATE VIEW all_new_cars_with_ac_and_heated_seats AS  SELECT * FROM car WHERE car.vin in (  SELECT car.vin FROM car, has_features, features  WHERE is_new = TRUE AND is_sold = FALSE AND  has_features.vin = car.vin AND  features.feat_id = has_features.feat_id AND  features.feat_name in ('Heated Seats','AC')  GROUP BY car.vin HAVING count(*) = 2);
create or replace function trade_in_vin_new_or_not() returns trigger as $BODY$ begin if(new.vin = (select vin from car where new.vin = vin)) then update car set is_sold = false, is_new = false, mileage = new.mileage where vin = new.vin; else insert into car(vin, sticker_price, make, model, year, color, is_new, is_sold, min_price, mileage) values (NEW.vin, 5000, 'Toyota', 'Camry', 1997, 'Grey', false, false, 10, new.mileage); end if; return new; end $BODY$ language plpgsql;
create or replace function update_car_on_sale() returns trigger as $BODY$ begin if(new.vin = (select vin from car where new.vin = vin)) then update car set is_sold = true where vin = new.vin; end if; return new; end $BODY$ language plpgsql;
CREATE TRIGGER update_vin_on_trade_in AFTER INSERT ON trade_in FOR EACH ROW EXECUTE PROCEDURE trade_in_vin_new_or_not();
CREATE TRIGGER on_car_sale AFTER INSERT ON sale FOR EACH ROW EXECUTE PROCEDURE update_car_on_sale();
INSERT INTO features (feat_id, feat_name) VALUES (0, 'AC');
INSERT INTO features (feat_id, feat_name) VALUES (1, 'Heated Seats');
INSERT INTO features (feat_id, feat_name) VALUES (2, 'Power Windows');
INSERT INTO features (feat_id, feat_name) VALUES (3, 'Sunroof');
INSERT INTO features (feat_id, feat_name) VALUES (4, 'Leather Seats');
INSERT INTO features (feat_id, feat_name) VALUES (5, 'Sirius XM Radio');
INSERT INTO customization_options (custom_name, cost) VALUES (' Sound System', 291);
INSERT INTO customization_options (custom_name, cost) VALUES (' Paint Trim', 256);
INSERT INTO customization_options (custom_name, cost) VALUES (' Alarm System', 329);
INSERT INTO customization_options (custom_name, cost) VALUES (' Weather Coating', 183);
INSERT INTO warranty (type, cost, duration, miles) VALUES ('Standard', 0, 60, 5000);
INSERT INTO warranty (type, cost, duration, miles) VALUES ('Extended', 100, 120, 10000);
INSERT INTO warranty (type, cost, duration, miles) VALUES ('Limited', 0, 30, 2000);
INSERT INTO customer (name, ref_type, ref_origin) VALUES ('Frank Murray', 'none', 'none');
INSERT INTO customer (name, ref_type, ref_origin) VALUES ('Jan Scott', 'web', 'facebook.com');
INSERT INTO customer (name, ref_type, ref_origin) VALUES ('Adrian Blake', 'mouth', 'Emma Peake');
INSERT INTO customer (name, ref_type, ref_origin) VALUES ('Emma Peake', 'web', 'cars.com');
INSERT INTO customer (name, ref_type, ref_origin) VALUES ('Adam Parr', 'tv ad', 'channel 3');
INSERT INTO employee (emp_name, commission) VALUES ('Jim Friendly', 30);
INSERT INTO employee (emp_name, commission) VALUES ('Diane Graham', 10);
INSERT INTO employee (emp_name, commission) VALUES ('Keven Greene', 10);
INSERT INTO employee (emp_name, commission) VALUES ('Joshua Fraser', 5);
INSERT INTO employee (emp_name, commission) VALUES ('Brian Morrison', 0);
INSERT INTO employee (emp_name, commission) VALUES ('Casey Smith', 10);
INSERT INTO employee (emp_name, commission) VALUES ('Chase Jones', 10);
INSERT INTO employee (emp_name, commission) VALUES ('Mike Doe', 20);
INSERT INTO employee (emp_name, commission) VALUES ('Connor Davis', 15);
INSERT INTO employee (emp_name, commission) VALUES ('Ariana Buck', 15);
INSERT INTO car (vin, sticker_price, make, model, year, color, is_new, is_sold, min_price, mileage) VALUES (555555, 10000, 'ford', 'fusion', 2010, 'silver', true, false, 70.0, 0);
INSERT INTO car (vin, sticker_price, make, model, year, color, is_new, is_sold, min_price, mileage) VALUES (666666, 15000, 'ford', 'focus', 2012, 'black', true, false, 50.0, 0);
INSERT INTO car (vin, sticker_price, make, model, year, color, is_new, is_sold, min_price, mileage) VALUES (777777, 9000, 'ford', 'mustang', 2003, 'white', true, false, 90.0, 0);
INSERT INTO car (vin, sticker_price, make, model, year, color, is_new, is_sold, min_price, mileage) VALUES (111111, 5000, 'ford', 'bronco', 1977, 'silver', true, false, 70.0, 0);
INSERT INTO car (vin, sticker_price, make, model, year, color, is_new, is_sold, min_price, mileage) VALUES (222222, 20000, 'ford', 'taurus', 2013, 'black', true, false, 50.0, 0);
INSERT INTO car (vin, sticker_price, make, model, year, color, is_new, is_sold, min_price, mileage) VALUES (333333, 18000, 'ford', 'fiesta', 2003, 'white', true, false, 90.0, 0);
INSERT INTO car (vin, sticker_price, make, model, year, color, is_new, is_sold, min_price, mileage) VALUES (444444, 18000, 'ford', 'mustang', 2011, 'silver', true, false, 80.0, 0);
INSERT INTO car (vin, sticker_price, make, model, year, color, is_new, is_sold, min_price, mileage) VALUES (121212, 15000, 'ford', 'focus', 2013, 'black', true, false, 50.0, 0);
INSERT INTO car (vin, sticker_price, make, model, year, color, is_new, is_sold, min_price, mileage) VALUES (232323, 8000, 'ford', 'mustang', 2004, 'white', true, false, 80.0, 0);
INSERT INTO car (vin, sticker_price, make, model, year, color, is_new, is_sold, min_price, mileage) VALUES (343434, 12000, 'ford', 'fusion', 2005, 'silver', true, false, 70.0, 0);
INSERT INTO car (vin, sticker_price, make, model, year, color, is_new, is_sold, min_price, mileage) VALUES (454545, 13000, 'ford', 'focus', 2016, 'black', true, false, 50.0, 0);
INSERT INTO car (vin, sticker_price, make, model, year, color, is_new, is_sold, min_price, mileage) VALUES (565656, 9500, 'ford', 'escape', 2000, 'white', true, false, 70.0, 0);
INSERT INTO car (vin, sticker_price, make, model, year, color, is_new, is_sold, min_price, mileage) VALUES (676767, 12000, 'ford', 'explorer', 2010, 'silver', true, false, 70.0, 0);
INSERT INTO car (vin, sticker_price, make, model, year, color, is_new, is_sold, min_price, mileage) VALUES (787878, 13000, 'ford', 'explorer', 2016, 'black', true, false, 50.0, 0);
INSERT INTO car (vin, sticker_price, make, model, year, color, is_new, is_sold, min_price, mileage) VALUES (898989, 1000, 'ford', 'escape', 2001, 'white', true, false, 60.0, 0);
INSERT INTO car (vin, sticker_price, make, model, year, color, is_new, is_sold, min_price, mileage) VALUES (484728, 12596, 'Ford', 'mustang', 1997, 'black', true, false, 24., 0);
INSERT INTO car (vin, sticker_price, make, model, year, color, is_new, is_sold, min_price, mileage) VALUES (659610, 8109, 'Ford', 'focus', 1997, 'silver', true, false, 44., 0);
INSERT INTO car (vin, sticker_price, make, model, year, color, is_new, is_sold, min_price, mileage) VALUES (925231, 18869, 'Ford', 'fusion', 1997, 'silver', true, false, 29., 0);
INSERT INTO car (vin, sticker_price, make, model, year, color, is_new, is_sold, min_price, mileage) VALUES (418166, 11007, 'Ford', 'taurus', 1997, 'red', true, false, 33., 0);
INSERT INTO car (vin, sticker_price, make, model, year, color, is_new, is_sold, min_price, mileage) VALUES (663449, 16393, 'Ford', 'mustang', 1998, 'silver', true, false, 45., 0);
INSERT INTO car (vin, sticker_price, make, model, year, color, is_new, is_sold, min_price, mileage) VALUES (742822, 11192, 'Ford', 'focus', 1998, 'black', true, false, 43., 0);
INSERT INTO car (vin, sticker_price, make, model, year, color, is_new, is_sold, min_price, mileage) VALUES (737800, 8803, 'Ford', 'fusion', 1998, 'black', true, false, 6.0, 0);
INSERT INTO car (vin, sticker_price, make, model, year, color, is_new, is_sold, min_price, mileage) VALUES (243585, 17406, 'Ford', 'taurus', 1998, 'silver', true, false, 3.0, 0);
INSERT INTO car (vin, sticker_price, make, model, year, color, is_new, is_sold, min_price, mileage) VALUES (163494, 18886, 'Ford', 'mustang', 1999, 'silver', true, false, 27., 0);
INSERT INTO car (vin, sticker_price, make, model, year, color, is_new, is_sold, min_price, mileage) VALUES (960183, 14107, 'Ford', 'focus', 1999, 'red', true, false, 47., 0);
INSERT INTO car (vin, sticker_price, make, model, year, color, is_new, is_sold, min_price, mileage) VALUES (594714, 7959, 'Ford', 'fusion', 1999, 'black', true, false, 45., 0);
INSERT INTO car (vin, sticker_price, make, model, year, color, is_new, is_sold, min_price, mileage) VALUES (690163, 5082, 'Ford', 'taurus', 1999, 'red', true, false, 3.0, 0);
INSERT INTO car (vin, sticker_price, make, model, year, color, is_new, is_sold, min_price, mileage) VALUES (452257, 11655, 'Ford', 'mustang', 2000, 'silver', true, false, 46., 0);
INSERT INTO car (vin, sticker_price, make, model, year, color, is_new, is_sold, min_price, mileage) VALUES (517463, 13831, 'Ford', 'focus', 2000, 'red', true, false, 46., 0);
INSERT INTO car (vin, sticker_price, make, model, year, color, is_new, is_sold, min_price, mileage) VALUES (239990, 8024, 'Ford', 'fusion', 2000, 'red', true, false, 14., 0);
INSERT INTO car (vin, sticker_price, make, model, year, color, is_new, is_sold, min_price, mileage) VALUES (847300, 16265, 'Ford', 'taurus', 2000, 'red', true, false, 14., 0);
INSERT INTO car (vin, sticker_price, make, model, year, color, is_new, is_sold, min_price, mileage) VALUES (164652, 18101, 'Ford', 'mustang', 2001, 'black', true, false, 47., 0);
INSERT INTO car (vin, sticker_price, make, model, year, color, is_new, is_sold, min_price, mileage) VALUES (410034, 16401, 'Ford', 'focus', 2001, 'red', true, false, 10., 0);
INSERT INTO car (vin, sticker_price, make, model, year, color, is_new, is_sold, min_price, mileage) VALUES (435568, 17476, 'Ford', 'fusion', 2001, 'silver', true, false, 47., 0);
INSERT INTO car (vin, sticker_price, make, model, year, color, is_new, is_sold, min_price, mileage) VALUES (844145, 12050, 'Ford', 'taurus', 2001, 'black', true, false, 40., 0);
INSERT INTO car (vin, sticker_price, make, model, year, color, is_new, is_sold, min_price, mileage) VALUES (556649, 14237, 'Ford', 'mustang', 2002, 'red', true, false, 32., 0);
INSERT INTO car (vin, sticker_price, make, model, year, color, is_new, is_sold, min_price, mileage) VALUES (783760, 16232, 'Ford', 'focus', 2002, 'black', true, false, 7.0, 0);
INSERT INTO car (vin, sticker_price, make, model, year, color, is_new, is_sold, min_price, mileage) VALUES (330298, 18873, 'Ford', 'fusion', 2002, 'red', true, false, 0.0, 0);
INSERT INTO car (vin, sticker_price, make, model, year, color, is_new, is_sold, min_price, mileage) VALUES (340500, 17059, 'Ford', 'taurus', 2002, 'red', true, false, 42., 0);
INSERT INTO car (vin, sticker_price, make, model, year, color, is_new, is_sold, min_price, mileage) VALUES (650012, 7549, 'Ford', 'mustang', 2003, 'black', true, false, 27., 0);
INSERT INTO car (vin, sticker_price, make, model, year, color, is_new, is_sold, min_price, mileage) VALUES (770301, 16155, 'Ford', 'focus', 2003, 'silver', true, false, 5.0, 0);
INSERT INTO car (vin, sticker_price, make, model, year, color, is_new, is_sold, min_price, mileage) VALUES (532358, 6231, 'Ford', 'fusion', 2003, 'black', true, false, 34., 0);
INSERT INTO car (vin, sticker_price, make, model, year, color, is_new, is_sold, min_price, mileage) VALUES (634214, 19931, 'Ford', 'taurus', 2003, 'black', true, false, 21., 0);
INSERT INTO car (vin, sticker_price, make, model, year, color, is_new, is_sold, min_price, mileage) VALUES (741383, 18221, 'Ford', 'mustang', 2004, 'silver', true, false, 38., 0);
INSERT INTO car (vin, sticker_price, make, model, year, color, is_new, is_sold, min_price, mileage) VALUES (907652, 9439, 'Ford', 'focus', 2004, 'black', true, false, 28., 0);
INSERT INTO car (vin, sticker_price, make, model, year, color, is_new, is_sold, min_price, mileage) VALUES (800936, 10963, 'Ford', 'fusion', 2004, 'silver', true, false, 30., 0);
INSERT INTO car (vin, sticker_price, make, model, year, color, is_new, is_sold, min_price, mileage) VALUES (434820, 8856, 'Ford', 'taurus', 2004, 'red', true, false, 22., 0);
INSERT INTO car (vin, sticker_price, make, model, year, color, is_new, is_sold, min_price, mileage) VALUES (330476, 14171, 'Ford', 'mustang', 2005, 'silver', true, false, 30., 0);
INSERT INTO car (vin, sticker_price, make, model, year, color, is_new, is_sold, min_price, mileage) VALUES (356622, 14516, 'Ford', 'focus', 2005, 'red', true, false, 31., 0);
INSERT INTO car (vin, sticker_price, make, model, year, color, is_new, is_sold, min_price, mileage) VALUES (372848, 14179, 'Ford', 'fusion', 2005, 'red', true, false, 32., 0);
INSERT INTO car (vin, sticker_price, make, model, year, color, is_new, is_sold, min_price, mileage) VALUES (729734, 6888, 'Ford', 'taurus', 2005, 'silver', true, false, 37., 0);
INSERT INTO car (vin, sticker_price, make, model, year, color, is_new, is_sold, min_price, mileage) VALUES (329517, 6197, 'Ford', 'mustang', 2006, 'red', true, false, 30., 0);
INSERT INTO car (vin, sticker_price, make, model, year, color, is_new, is_sold, min_price, mileage) VALUES (849575, 7232, 'Ford', 'focus', 2006, 'red', true, false, 27., 0);
INSERT INTO car (vin, sticker_price, make, model, year, color, is_new, is_sold, min_price, mileage) VALUES (598131, 12552, 'Ford', 'fusion', 2006, 'black', true, false, 43., 0);
INSERT INTO car (vin, sticker_price, make, model, year, color, is_new, is_sold, min_price, mileage) VALUES (881800, 18235, 'Ford', 'taurus', 2006, 'silver', true, false, 36., 0);
INSERT INTO car (vin, sticker_price, make, model, year, color, is_new, is_sold, min_price, mileage) VALUES (672526, 12161, 'Ford', 'mustang', 2007, 'red', true, false, 10., 0);
INSERT INTO car (vin, sticker_price, make, model, year, color, is_new, is_sold, min_price, mileage) VALUES (791225, 14657, 'Ford', 'focus', 2007, 'silver', true, false, 44., 0);
INSERT INTO car (vin, sticker_price, make, model, year, color, is_new, is_sold, min_price, mileage) VALUES (591138, 9367, 'Ford', 'fusion', 2007, 'red', true, false, 17., 0);
INSERT INTO car (vin, sticker_price, make, model, year, color, is_new, is_sold, min_price, mileage) VALUES (462788, 18678, 'Ford', 'taurus', 2007, 'black', true, false, 35., 0);
INSERT INTO car (vin, sticker_price, make, model, year, color, is_new, is_sold, min_price, mileage) VALUES (173680, 14271, 'Ford', 'mustang', 2008, 'black', true, false, 9.0, 0);
INSERT INTO car (vin, sticker_price, make, model, year, color, is_new, is_sold, min_price, mileage) VALUES (951278, 12518, 'Ford', 'focus', 2008, 'silver', true, false, 4.0, 0);
INSERT INTO car (vin, sticker_price, make, model, year, color, is_new, is_sold, min_price, mileage) VALUES (451377, 6702, 'Ford', 'fusion', 2008, 'red', true, false, 45., 0);
INSERT INTO car (vin, sticker_price, make, model, year, color, is_new, is_sold, min_price, mileage) VALUES (703445, 15329, 'Ford', 'taurus', 2008, 'silver', true, false, 47., 0);
INSERT INTO car (vin, sticker_price, make, model, year, color, is_new, is_sold, min_price, mileage) VALUES (929783, 18605, 'Ford', 'mustang', 2009, 'red', true, false, 42., 0);
INSERT INTO car (vin, sticker_price, make, model, year, color, is_new, is_sold, min_price, mileage) VALUES (416209, 15742, 'Ford', 'focus', 2009, 'red', true, false, 43., 0);
INSERT INTO car (vin, sticker_price, make, model, year, color, is_new, is_sold, min_price, mileage) VALUES (794896, 18268, 'Ford', 'fusion', 2009, 'red', true, false, 13., 0);
INSERT INTO car (vin, sticker_price, make, model, year, color, is_new, is_sold, min_price, mileage) VALUES (370068, 9209, 'Ford', 'taurus', 2009, 'black', true, false, 20., 0);
INSERT INTO car (vin, sticker_price, make, model, year, color, is_new, is_sold, min_price, mileage) VALUES (925188, 19785, 'Ford', 'mustang', 2010, 'black', true, false, 41., 0);
INSERT INTO car (vin, sticker_price, make, model, year, color, is_new, is_sold, min_price, mileage) VALUES (598124, 13174, 'Ford', 'focus', 2010, 'silver', true, false, 8.0, 0);
INSERT INTO car (vin, sticker_price, make, model, year, color, is_new, is_sold, min_price, mileage) VALUES (528756, 5919, 'Ford', 'fusion', 2010, 'red', true, false, 22., 0);
INSERT INTO car (vin, sticker_price, make, model, year, color, is_new, is_sold, min_price, mileage) VALUES (542846, 19293, 'Ford', 'taurus', 2010, 'black', true, false, 22., 0);
INSERT INTO car (vin, sticker_price, make, model, year, color, is_new, is_sold, min_price, mileage) VALUES (492379, 17178, 'Ford', 'mustang', 2011, 'silver', true, false, 16., 0);
INSERT INTO car (vin, sticker_price, make, model, year, color, is_new, is_sold, min_price, mileage) VALUES (134986, 13326, 'Ford', 'focus', 2011, 'red', true, false, 29., 0);
INSERT INTO car (vin, sticker_price, make, model, year, color, is_new, is_sold, min_price, mileage) VALUES (654990, 18783, 'Ford', 'fusion', 2011, 'silver', true, false, 0.0, 0);
INSERT INTO car (vin, sticker_price, make, model, year, color, is_new, is_sold, min_price, mileage) VALUES (862219, 16316, 'Ford', 'taurus', 2011, 'black', true, false, 37., 0);
INSERT INTO car (vin, sticker_price, make, model, year, color, is_new, is_sold, min_price, mileage) VALUES (175549, 15046, 'Ford', 'mustang', 2012, 'black', true, false, 17., 0);
INSERT INTO car (vin, sticker_price, make, model, year, color, is_new, is_sold, min_price, mileage) VALUES (884245, 18620, 'Ford', 'focus', 2012, 'black', true, false, 48., 0);
INSERT INTO car (vin, sticker_price, make, model, year, color, is_new, is_sold, min_price, mileage) VALUES (487217, 6185, 'Ford', 'fusion', 2012, 'silver', true, false, 2.0, 0);
INSERT INTO car (vin, sticker_price, make, model, year, color, is_new, is_sold, min_price, mileage) VALUES (211287, 9500, 'Ford', 'taurus', 2012, 'black', true, false, 34., 0);
INSERT INTO car (vin, sticker_price, make, model, year, color, is_new, is_sold, min_price, mileage) VALUES (412334, 6212, 'Ford', 'mustang', 2013, 'silver', true, false, 8.0, 0);
INSERT INTO car (vin, sticker_price, make, model, year, color, is_new, is_sold, min_price, mileage) VALUES (709241, 15334, 'Ford', 'focus', 2013, 'black', true, false, 23., 0);
INSERT INTO car (vin, sticker_price, make, model, year, color, is_new, is_sold, min_price, mileage) VALUES (281104, 16221, 'Ford', 'fusion', 2013, 'silver', true, false, 8.0, 0);
INSERT INTO car (vin, sticker_price, make, model, year, color, is_new, is_sold, min_price, mileage) VALUES (558684, 8356, 'Ford', 'taurus', 2013, 'silver', true, false, 24., 0);
INSERT INTO car (vin, sticker_price, make, model, year, color, is_new, is_sold, min_price, mileage) VALUES (757455, 17946, 'Ford', 'mustang', 2014, 'red', true, false, 36., 0);
INSERT INTO car (vin, sticker_price, make, model, year, color, is_new, is_sold, min_price, mileage) VALUES (187774, 18547, 'Ford', 'focus', 2014, 'silver', true, false, 21., 0);
INSERT INTO car (vin, sticker_price, make, model, year, color, is_new, is_sold, min_price, mileage) VALUES (199869, 10415, 'Ford', 'fusion', 2014, 'black', true, false, 35., 0);
INSERT INTO car (vin, sticker_price, make, model, year, color, is_new, is_sold, min_price, mileage) VALUES (871765, 18866, 'Ford', 'taurus', 2014, 'silver', true, false, 15., 0);
INSERT INTO car (vin, sticker_price, make, model, year, color, is_new, is_sold, min_price, mileage) VALUES (379460, 5775, 'Ford', 'mustang', 2015, 'silver', true, false, 4.0, 0);
INSERT INTO car (vin, sticker_price, make, model, year, color, is_new, is_sold, min_price, mileage) VALUES (238769, 10282, 'Ford', 'focus', 2015, 'black', true, false, 17., 0);
INSERT INTO car (vin, sticker_price, make, model, year, color, is_new, is_sold, min_price, mileage) VALUES (992458, 12872, 'Ford', 'fusion', 2015, 'black', true, false, 17., 0);
INSERT INTO car (vin, sticker_price, make, model, year, color, is_new, is_sold, min_price, mileage) VALUES (148124, 7085, 'Ford', 'taurus', 2015, 'black', true, false, 42., 0);
INSERT INTO car (vin, sticker_price, make, model, year, color, is_new, is_sold, min_price, mileage) VALUES (356526, 18194, 'Ford', 'mustang', 2016, 'red', true, false, 18., 0);
INSERT INTO car (vin, sticker_price, make, model, year, color, is_new, is_sold, min_price, mileage) VALUES (447035, 10088, 'Ford', 'focus', 2016, 'red', true, false, 38., 0);
INSERT INTO car (vin, sticker_price, make, model, year, color, is_new, is_sold, min_price, mileage) VALUES (763754, 8062, 'Ford', 'fusion', 2016, 'red', true, false, 15., 0);
INSERT INTO car (vin, sticker_price, make, model, year, color, is_new, is_sold, min_price, mileage) VALUES (786283, 16138, 'Ford', 'taurus', 2016, 'silver', true, false, 31., 0);
INSERT INTO trade_in (vin, mileage, condition, value) VALUES (222222, 25000, 'good', 5000);
INSERT INTO trade_in (vin, mileage, condition, value) VALUES (333333, 50000, 'good', 5000);
INSERT INTO trade_in (vin, mileage, condition, value) VALUES (555555, 5000, 'excellent', 6000);
INSERT INTO trade_in (vin, mileage, condition, value) VALUES (121212, 10000, 'fair', 5000);
INSERT INTO financing (amount, type, name, addr) VALUES (15000, 'bank', 'bank of america', '123 Fake St.');
INSERT INTO financing (amount, type, name, addr) VALUES (4000, 'dealership', 'friendly', '543 False Ave.');
INSERT INTO financing (amount, type, name, addr) VALUES (20000, 'dealership', 'friendly', '543 False Ave.');
INSERT INTO financing (amount, type, name, addr) VALUES (11000, 'bank', 'citi bank', '822 Fiction Ct.');
INSERT INTO financing (amount, type, name, addr) VALUES (15000, 'bank', 'citi bank', '822 Fiction Ct.');
INSERT INTO financing (amount, type, name, addr) VALUES (6000, 'bank', 'bank of america', '123 Fake St.');
INSERT INTO financing (amount, type, name, addr) VALUES (13000, 'manufacture', 'ford', '235 Merry Ave.');
INSERT INTO financing (amount, type, name, addr) VALUES (4500, 'manufacture', 'ford', '235 Merry Ave.');
INSERT INTO financing (amount, type, name, addr) VALUES (8000, 'dealership', 'friendly', '543 False Ave.');
INSERT INTO payment (amount, trade_id, fin_id) VALUES (10000, null, null);
INSERT INTO payment (amount, trade_id, fin_id) VALUES (15000, null, 1);
INSERT INTO payment (amount, trade_id, fin_id) VALUES (9000, 1, 2);
INSERT INTO payment (amount, trade_id, fin_id) VALUES (5000, null, null);
INSERT INTO payment (amount, trade_id, fin_id) VALUES (20000, null, 3);
INSERT INTO payment (amount, trade_id, fin_id) VALUES (18000, 2, 4);
INSERT INTO payment (amount, trade_id, fin_id) VALUES (18000, null, null);
INSERT INTO payment (amount, trade_id, fin_id) VALUES (15000, null, 5);
INSERT INTO payment (amount, trade_id, fin_id) VALUES (8000, null, null);
INSERT INTO payment (amount, trade_id, fin_id) VALUES (12000, 3, 6);
INSERT INTO payment (amount, trade_id, fin_id) VALUES (13000, null, 7);
INSERT INTO payment (amount, trade_id, fin_id) VALUES (9500, 4, 8);
INSERT INTO payment (amount, trade_id, fin_id) VALUES (12000, null, null);
INSERT INTO payment (amount, trade_id, fin_id) VALUES (13000, null, 9);
INSERT INTO payment (amount, trade_id, fin_id) VALUES (1000, null, null);
INSERT INTO sale (is_approved, price, date, emp_requested, tax_rate, license_fee, cus_id, vin, emp_id, payment_id, warranty_id) VALUES (false, 10000, '01/01/2017', true, 0.05, 254, 1, 555555, 4, 1, 2);
INSERT INTO has_customization (sale_id, custom_id) VALUES (1, 1);
INSERT INTO has_customization (sale_id, custom_id) VALUES (1, 2);
INSERT INTO has_customization (sale_id, custom_id) VALUES (1, 3);
INSERT INTO has_customization (sale_id, custom_id) VALUES (1, 4);
INSERT INTO sale (is_approved, price, date, emp_requested, tax_rate, license_fee, cus_id, vin, emp_id, payment_id, warranty_id) VALUES (false, 15000, '01/01/2017', false, 0.05, 94, 1, 666666, 9, 2, 1);
INSERT INTO has_customization (sale_id, custom_id) VALUES (2, 3);
INSERT INTO sale (is_approved, price, date, emp_requested, tax_rate, license_fee, cus_id, vin, emp_id, payment_id, warranty_id) VALUES (false, 9000, '01/01/2017', false, 0.05, 100, 3, 777777, 7, 3, 2);
INSERT INTO has_customization (sale_id, custom_id) VALUES (3, 3);
INSERT INTO sale (is_approved, price, date, emp_requested, tax_rate, license_fee, cus_id, vin, emp_id, payment_id, warranty_id) VALUES (false, 5000, '01/01/2017', false, 0.05, 187, 4, 111111, 5, 4, 1);
INSERT INTO has_customization (sale_id, custom_id) VALUES (4, 1);
INSERT INTO has_customization (sale_id, custom_id) VALUES (4, 2);
INSERT INTO has_customization (sale_id, custom_id) VALUES (4, 3);
INSERT INTO sale (is_approved, price, date, emp_requested, tax_rate, license_fee, cus_id, vin, emp_id, payment_id, warranty_id) VALUES (false, 20000, '01/01/2017', false, 0.05, 38, 2, 222222, 8, 5, 1);
INSERT INTO has_customization (sale_id, custom_id) VALUES (5, 1);
INSERT INTO sale (is_approved, price, date, emp_requested, tax_rate, license_fee, cus_id, vin, emp_id, payment_id, warranty_id) VALUES (false, 18000, '01/01/2017', false, 0.05, 106, 4, 333333, 7, 6, 1);
INSERT INTO has_customization (sale_id, custom_id) VALUES (6, 3);
INSERT INTO sale (is_approved, price, date, emp_requested, tax_rate, license_fee, cus_id, vin, emp_id, payment_id, warranty_id) VALUES (false, 18000, '01/01/2017', true, 0.05, 172, 1, 444444, 2, 7, 2);
INSERT INTO has_customization (sale_id, custom_id) VALUES (7, 1);
INSERT INTO has_customization (sale_id, custom_id) VALUES (7, 2);
INSERT INTO has_customization (sale_id, custom_id) VALUES (7, 3);
INSERT INTO sale (is_approved, price, date, emp_requested, tax_rate, license_fee, cus_id, vin, emp_id, payment_id, warranty_id) VALUES (false, 15000, '01/01/2017', false, 0.05, 253, 2, 121212, 3, 8, 1);
INSERT INTO has_customization (sale_id, custom_id) VALUES (8, 3);
INSERT INTO has_customization (sale_id, custom_id) VALUES (8, 4);
INSERT INTO sale (is_approved, price, date, emp_requested, tax_rate, license_fee, cus_id, vin, emp_id, payment_id, warranty_id) VALUES (false, 8000, '01/01/2017', true, 0.05, 133, 3, 232323, 8, 9, 2);
INSERT INTO has_customization (sale_id, custom_id) VALUES (9, 2);
INSERT INTO has_customization (sale_id, custom_id) VALUES (9, 3);
INSERT INTO has_customization (sale_id, custom_id) VALUES (9, 4);
INSERT INTO sale (is_approved, price, date, emp_requested, tax_rate, license_fee, cus_id, vin, emp_id, payment_id, warranty_id) VALUES (false, 12000, '01/01/2017', false, 0.05, 209, 2, 343434, 4, 10, 1);
INSERT INTO has_customization (sale_id, custom_id) VALUES (10, 2);
INSERT INTO sale (is_approved, price, date, emp_requested, tax_rate, license_fee, cus_id, vin, emp_id, payment_id, warranty_id) VALUES (false, 13000, '01/01/2017', false, 0.05, 270, 3, 454545, 8, 11, 2);
INSERT INTO has_customization (sale_id, custom_id) VALUES (11, 2);
INSERT INTO has_customization (sale_id, custom_id) VALUES (11, 3);
INSERT INTO sale (is_approved, price, date, emp_requested, tax_rate, license_fee, cus_id, vin, emp_id, payment_id, warranty_id) VALUES (false, 9500, '01/01/2017', false, 0.05, 164, 3, 565656, 7, 12, 1);
INSERT INTO has_customization (sale_id, custom_id) VALUES (12, 3);
INSERT INTO sale (is_approved, price, date, emp_requested, tax_rate, license_fee, cus_id, vin, emp_id, payment_id, warranty_id) VALUES (false, 12000, '01/01/2017', true, 0.05, 33, 2, 676767, 3, 13, 2);
INSERT INTO sale (is_approved, price, date, emp_requested, tax_rate, license_fee, cus_id, vin, emp_id, payment_id, warranty_id) VALUES (false, 13000, '01/01/2017', false, 0.05, 195, 1, 787878, 8, 14, 1);
INSERT INTO sale (is_approved, price, date, emp_requested, tax_rate, license_fee, cus_id, vin, emp_id, payment_id, warranty_id) VALUES (false, 1000, '01/01/2017', false, 0.05, 37, 4, 898989, 6, 15, 2);
INSERT INTO has_features (vin, feat_id) VALUES (484728, 1);
INSERT INTO has_features (vin, feat_id) VALUES (484728, 2);
INSERT INTO has_features (vin, feat_id) VALUES (484728, 4);
INSERT INTO has_features (vin, feat_id) VALUES (659610, 0);
INSERT INTO has_features (vin, feat_id) VALUES (659610, 1);
INSERT INTO has_features (vin, feat_id) VALUES (659610, 3);
INSERT INTO has_features (vin, feat_id) VALUES (659610, 4);
INSERT INTO has_features (vin, feat_id) VALUES (418166, 0);
INSERT INTO has_features (vin, feat_id) VALUES (418166, 1);
INSERT INTO has_features (vin, feat_id) VALUES (418166, 2);
INSERT INTO has_features (vin, feat_id) VALUES (418166, 3);
INSERT INTO has_features (vin, feat_id) VALUES (418166, 4);
INSERT INTO has_features (vin, feat_id) VALUES (663449, 0);
INSERT INTO has_features (vin, feat_id) VALUES (663449, 3);
INSERT INTO has_features (vin, feat_id) VALUES (663449, 4);
INSERT INTO has_features (vin, feat_id) VALUES (742822, 0);
INSERT INTO has_features (vin, feat_id) VALUES (742822, 1);
INSERT INTO has_features (vin, feat_id) VALUES (742822, 2);
INSERT INTO has_features (vin, feat_id) VALUES (243585, 0);
INSERT INTO has_features (vin, feat_id) VALUES (243585, 3);
INSERT INTO has_features (vin, feat_id) VALUES (163494, 0);
INSERT INTO has_features (vin, feat_id) VALUES (960183, 0);
INSERT INTO has_features (vin, feat_id) VALUES (960183, 4);
INSERT INTO has_features (vin, feat_id) VALUES (594714, 0);
INSERT INTO has_features (vin, feat_id) VALUES (594714, 1);
INSERT INTO has_features (vin, feat_id) VALUES (594714, 2);
INSERT INTO has_features (vin, feat_id) VALUES (594714, 4);
INSERT INTO has_features (vin, feat_id) VALUES (690163, 0);
INSERT INTO has_features (vin, feat_id) VALUES (690163, 1);
INSERT INTO has_features (vin, feat_id) VALUES (452257, 0);
INSERT INTO has_features (vin, feat_id) VALUES (452257, 4);
INSERT INTO has_features (vin, feat_id) VALUES (517463, 0);
INSERT INTO has_features (vin, feat_id) VALUES (517463, 1);
INSERT INTO has_features (vin, feat_id) VALUES (517463, 2);
INSERT INTO has_features (vin, feat_id) VALUES (239990, 0);
INSERT INTO has_features (vin, feat_id) VALUES (239990, 1);
INSERT INTO has_features (vin, feat_id) VALUES (239990, 3);
INSERT INTO has_features (vin, feat_id) VALUES (847300, 0);
INSERT INTO has_features (vin, feat_id) VALUES (847300, 1);
INSERT INTO has_features (vin, feat_id) VALUES (847300, 3);
INSERT INTO has_features (vin, feat_id) VALUES (847300, 4);
INSERT INTO has_features (vin, feat_id) VALUES (164652, 2);
INSERT INTO has_features (vin, feat_id) VALUES (164652, 3);
INSERT INTO has_features (vin, feat_id) VALUES (410034, 0);
INSERT INTO has_features (vin, feat_id) VALUES (410034, 1);
INSERT INTO has_features (vin, feat_id) VALUES (410034, 2);
INSERT INTO has_features (vin, feat_id) VALUES (410034, 4);
INSERT INTO has_features (vin, feat_id) VALUES (435568, 0);
INSERT INTO has_features (vin, feat_id) VALUES (435568, 2);
INSERT INTO has_features (vin, feat_id) VALUES (844145, 3);
INSERT INTO has_features (vin, feat_id) VALUES (556649, 0);
INSERT INTO has_features (vin, feat_id) VALUES (556649, 1);
INSERT INTO has_features (vin, feat_id) VALUES (556649, 2);
INSERT INTO has_features (vin, feat_id) VALUES (556649, 4);
INSERT INTO has_features (vin, feat_id) VALUES (783760, 3);
INSERT INTO has_features (vin, feat_id) VALUES (330298, 0);
INSERT INTO has_features (vin, feat_id) VALUES (330298, 1);
INSERT INTO has_features (vin, feat_id) VALUES (340500, 4);
INSERT INTO has_features (vin, feat_id) VALUES (770301, 2);
INSERT INTO has_features (vin, feat_id) VALUES (532358, 0);
INSERT INTO has_features (vin, feat_id) VALUES (532358, 1);
INSERT INTO has_features (vin, feat_id) VALUES (634214, 1);
INSERT INTO has_features (vin, feat_id) VALUES (741383, 1);
INSERT INTO has_features (vin, feat_id) VALUES (741383, 4);
INSERT INTO has_features (vin, feat_id) VALUES (907652, 0);
INSERT INTO has_features (vin, feat_id) VALUES (907652, 1);
INSERT INTO has_features (vin, feat_id) VALUES (907652, 2);
INSERT INTO has_features (vin, feat_id) VALUES (907652, 4);
INSERT INTO has_features (vin, feat_id) VALUES (800936, 0);
INSERT INTO has_features (vin, feat_id) VALUES (800936, 1);
INSERT INTO has_features (vin, feat_id) VALUES (800936, 3);
INSERT INTO has_features (vin, feat_id) VALUES (330476, 2);
INSERT INTO has_features (vin, feat_id) VALUES (330476, 4);
INSERT INTO has_features (vin, feat_id) VALUES (372848, 0);
INSERT INTO has_features (vin, feat_id) VALUES (372848, 2);
INSERT INTO has_features (vin, feat_id) VALUES (372848, 3);
INSERT INTO has_features (vin, feat_id) VALUES (372848, 4);
INSERT INTO has_features (vin, feat_id) VALUES (729734, 0);
INSERT INTO has_features (vin, feat_id) VALUES (729734, 2);
INSERT INTO has_features (vin, feat_id) VALUES (729734, 4);
INSERT INTO has_features (vin, feat_id) VALUES (329517, 0);
INSERT INTO has_features (vin, feat_id) VALUES (329517, 1);
INSERT INTO has_features (vin, feat_id) VALUES (329517, 3);
INSERT INTO has_features (vin, feat_id) VALUES (329517, 4);
INSERT INTO has_features (vin, feat_id) VALUES (849575, 1);
INSERT INTO has_features (vin, feat_id) VALUES (849575, 2);
INSERT INTO has_features (vin, feat_id) VALUES (849575, 3);
INSERT INTO has_features (vin, feat_id) VALUES (849575, 4);
INSERT INTO has_features (vin, feat_id) VALUES (598131, 0);
INSERT INTO has_features (vin, feat_id) VALUES (598131, 1);
INSERT INTO has_features (vin, feat_id) VALUES (598131, 2);
INSERT INTO has_features (vin, feat_id) VALUES (598131, 3);
INSERT INTO has_features (vin, feat_id) VALUES (598131, 4);
INSERT INTO has_features (vin, feat_id) VALUES (881800, 0);
INSERT INTO has_features (vin, feat_id) VALUES (881800, 3);
INSERT INTO has_features (vin, feat_id) VALUES (881800, 4);
INSERT INTO has_features (vin, feat_id) VALUES (672526, 0);
INSERT INTO has_features (vin, feat_id) VALUES (672526, 1);
INSERT INTO has_features (vin, feat_id) VALUES (672526, 2);
INSERT INTO has_features (vin, feat_id) VALUES (672526, 3);
INSERT INTO has_features (vin, feat_id) VALUES (791225, 2);
INSERT INTO has_features (vin, feat_id) VALUES (791225, 3);
INSERT INTO has_features (vin, feat_id) VALUES (591138, 1);
INSERT INTO has_features (vin, feat_id) VALUES (591138, 2);
INSERT INTO has_features (vin, feat_id) VALUES (591138, 3);
INSERT INTO has_features (vin, feat_id) VALUES (462788, 0);
INSERT INTO has_features (vin, feat_id) VALUES (173680, 0);
INSERT INTO has_features (vin, feat_id) VALUES (173680, 4);
INSERT INTO has_features (vin, feat_id) VALUES (951278, 0);
INSERT INTO has_features (vin, feat_id) VALUES (951278, 1);
INSERT INTO has_features (vin, feat_id) VALUES (951278, 3);
INSERT INTO has_features (vin, feat_id) VALUES (451377, 1);
INSERT INTO has_features (vin, feat_id) VALUES (451377, 3);
INSERT INTO has_features (vin, feat_id) VALUES (703445, 1);
INSERT INTO has_features (vin, feat_id) VALUES (703445, 2);
INSERT INTO has_features (vin, feat_id) VALUES (929783, 0);
INSERT INTO has_features (vin, feat_id) VALUES (929783, 1);
INSERT INTO has_features (vin, feat_id) VALUES (929783, 3);
INSERT INTO has_features (vin, feat_id) VALUES (416209, 0);
INSERT INTO has_features (vin, feat_id) VALUES (416209, 3);
INSERT INTO has_features (vin, feat_id) VALUES (416209, 4);
INSERT INTO has_features (vin, feat_id) VALUES (794896, 3);
INSERT INTO has_features (vin, feat_id) VALUES (370068, 2);
INSERT INTO has_features (vin, feat_id) VALUES (370068, 3);
INSERT INTO has_features (vin, feat_id) VALUES (370068, 4);
INSERT INTO has_features (vin, feat_id) VALUES (925188, 4);
INSERT INTO has_features (vin, feat_id) VALUES (598124, 0);
INSERT INTO has_features (vin, feat_id) VALUES (528756, 3);
INSERT INTO has_features (vin, feat_id) VALUES (542846, 0);
INSERT INTO has_features (vin, feat_id) VALUES (542846, 1);
INSERT INTO has_features (vin, feat_id) VALUES (492379, 0);
INSERT INTO has_features (vin, feat_id) VALUES (492379, 1);
INSERT INTO has_features (vin, feat_id) VALUES (492379, 3);
INSERT INTO has_features (vin, feat_id) VALUES (134986, 1);
INSERT INTO has_features (vin, feat_id) VALUES (134986, 3);
INSERT INTO has_features (vin, feat_id) VALUES (134986, 4);
INSERT INTO has_features (vin, feat_id) VALUES (654990, 1);
INSERT INTO has_features (vin, feat_id) VALUES (654990, 2);
INSERT INTO has_features (vin, feat_id) VALUES (862219, 3);
INSERT INTO has_features (vin, feat_id) VALUES (175549, 0);
INSERT INTO has_features (vin, feat_id) VALUES (175549, 1);
INSERT INTO has_features (vin, feat_id) VALUES (175549, 2);
INSERT INTO has_features (vin, feat_id) VALUES (175549, 4);
INSERT INTO has_features (vin, feat_id) VALUES (884245, 2);
INSERT INTO has_features (vin, feat_id) VALUES (487217, 0);
INSERT INTO has_features (vin, feat_id) VALUES (487217, 1);
INSERT INTO has_features (vin, feat_id) VALUES (487217, 3);
INSERT INTO has_features (vin, feat_id) VALUES (211287, 4);
INSERT INTO has_features (vin, feat_id) VALUES (412334, 1);
INSERT INTO has_features (vin, feat_id) VALUES (412334, 4);
INSERT INTO has_features (vin, feat_id) VALUES (709241, 1);
INSERT INTO has_features (vin, feat_id) VALUES (709241, 4);
INSERT INTO has_features (vin, feat_id) VALUES (558684, 2);
INSERT INTO has_features (vin, feat_id) VALUES (558684, 3);
INSERT INTO has_features (vin, feat_id) VALUES (757455, 2);
INSERT INTO has_features (vin, feat_id) VALUES (757455, 3);
INSERT INTO has_features (vin, feat_id) VALUES (757455, 4);
INSERT INTO has_features (vin, feat_id) VALUES (187774, 0);
INSERT INTO has_features (vin, feat_id) VALUES (187774, 2);
INSERT INTO has_features (vin, feat_id) VALUES (199869, 0);
INSERT INTO has_features (vin, feat_id) VALUES (199869, 2);
INSERT INTO has_features (vin, feat_id) VALUES (199869, 4);
INSERT INTO has_features (vin, feat_id) VALUES (871765, 1);
INSERT INTO has_features (vin, feat_id) VALUES (871765, 2);
INSERT INTO has_features (vin, feat_id) VALUES (871765, 3);
INSERT INTO has_features (vin, feat_id) VALUES (871765, 4);
INSERT INTO has_features (vin, feat_id) VALUES (379460, 1);
INSERT INTO has_features (vin, feat_id) VALUES (379460, 4);
INSERT INTO has_features (vin, feat_id) VALUES (238769, 1);
INSERT INTO has_features (vin, feat_id) VALUES (238769, 2);
INSERT INTO has_features (vin, feat_id) VALUES (238769, 3);
INSERT INTO has_features (vin, feat_id) VALUES (992458, 1);
INSERT INTO has_features (vin, feat_id) VALUES (992458, 2);
INSERT INTO has_features (vin, feat_id) VALUES (148124, 0);
INSERT INTO has_features (vin, feat_id) VALUES (148124, 2);
INSERT INTO has_features (vin, feat_id) VALUES (356526, 0);
INSERT INTO has_features (vin, feat_id) VALUES (356526, 3);
INSERT INTO has_features (vin, feat_id) VALUES (447035, 1);
INSERT INTO has_features (vin, feat_id) VALUES (447035, 2);
INSERT INTO has_features (vin, feat_id) VALUES (763754, 2);
create or replace function calculate_profits(id int) returns money as $$ BEGIN return (SELEct sum(PRICE) FROM SALE WHERE EMP_ID = ID) * (SElect commission from employee where emp_id = id) / 100; END; $$ language plpgsql;
